,vid,date,title,comments
0,m5xodVMbpx4,2025-05-30T09:19:41Z,Monkeypox | mpox #monkeypoxsymptoms #monkeypox #mpoxoutbreak #mpoxvirus #mpox,[]
1,ee6UUvqR03U,2025-06-01T12:48:51Z,"What is Mpox and how can we avoid it? (with English subs) | Kapuso Mo, Jessica Soho","['Mag round 2 nanaman tayo...', 'pera naman sa pharmaceutical industry', 'ğŸ˜…ğŸ˜…ğŸ˜… nanuod aq pero prang na ngangati na q', 'nangati tuloy ako ğŸ˜', 'DOH said that MPOX is also listed in many people with diagnose with HIV AND I THINK THIS IS A mutation of HIV virus', 'Parang covid papalalain Ang story. Mag nakaw nalang kau sa pera ng bayan. Di ung mag lockdown ulit. Kawawa naman ung mga trabahador na maaapektuhan.', 'Nako papalalain nanaman ang issiue para makapag kulimbat ng pera sa gov.', 'Matagal na pala\nTo bwesit bat binalik pa monkey pox pa talaga hahah', '3:20 aling jessica 2025 na po.', 'Panginoong Jesus nananawagan po kaming lahat sa Inyo sana po alisin nyo po itong sakit NATOğŸ™âœï¸ğŸ˜¥ğŸ˜­ğŸ˜­', 'Nilalagnat ako,masakit ulo masakit katawanğŸ˜‚ğŸ˜‚ğŸ˜‚ğŸ˜‚Halaaaaa nakaka takot naman  na gulat akoğŸ˜‚', 'Pwede ba tigil nyo na ang pag post ng mpox tinatakot nyo Lang mga Tao kahit wala naman', 'Lock down nmn yan', 'gala kasi mga pinoy kaya lahat ng virus na bibitbit pabalik sa bansa natin.', 'Daming di naniniwala sa covid. Yung mga di naniniwala sa covid mag silabasan sila aha.', 'kung sino sino kasing foreigners pinapapasok, dapat eh bloodtest sila like hiv or mpox pag positive wag na papasukin', 'may kaso na pala dito sa pilipinas bakit ang pinapakita nyo sa video tga africa hindi yung mismong pilipino na affected? curious lang po!', 'araw araw kayo maligo tamad lang maligo ang nagkaka ganyan', 'Dapat sa mga infected sunugin na e ng d na lumala', '  - tol talaga ba? anlala mo naman', '  - Sana ma una ka po ğŸ˜ğŸ˜‚ğŸ˜‚', 'Masyado kasing gala ang pilipino kung saan saan nakaka hayun', 'Resulta na yan ng mga kababuyan eh', 'Dapat kc di nagpapasaok ng basta basta mga dayuhan', 'Fearmongering na naman kayo mainstream media..', 'sa private part q ngayon mai tumutubo na mga botleg.ang kati pag gabi.', 'This is how important WORLD HEALTH is. We are all connected. Kung kampante kayo na isang bansa lang nakakaranas, ""ahh sa africa lang naman yan"" ay ewan ko nlang. dapat bawat isa ay pinapahalagan ang KALINISAN', '  - Same with the health of our environment. Like air pollution. Ang maduming hangin na pwede maging sanhi ng sakit sa ibang lugar ay pwede ring mapunta sa mga karatig bansa.', 'Aired 2024 pa ito', 'Gusto lang pumera ng mga taga DOH at mga doctor. Wag kami ğŸ¤¡ğŸ¤£ğŸ¤¡ğŸ¤£', 'akala ko nag bago na ang tao. tahimik lng kasi tayu pag may sinasalbahi. hindi natin pwede e relay nalang sa itaas. dapat mag kakaisa tayu kung gusto nyu talaga ng pag babago., napapansin wala ng prensipyo mga tao dito sa pinas. nabibili lng at nawalan na ng pananampalataya.', 'Ako rin nag karon', 'MPOX PLUS BANGAG ADMIN! PATAY LAHAT NG PILIPINO! ğŸ˜­ğŸ˜­ğŸ˜­ğŸ˜­', 'Nuon Pa yang MPOX NAYAN!!\nBulutong Tubig lang yan Wag kayo papa uto,', 'MANIFESTING AND PRAYING GOD NA WAG NYO PO HAYAAN MAGLOCK DOWN SA PILIPINAS LALO PO SA BUONG MUNDOğŸ˜­ğŸ™', 'Lord please protect usğŸ™ğŸ»ğŸ™ğŸ»', 'Lord Godâ€¦ Please help us.. ğŸ™ğŸ™ğŸ™', 'Tapos si Marcos na naman ang sisisihin nila dahil daw ""binalewala"" lang niya ang Mpox, pero sila din naman mismo, kahit saan lang gumagala di alam na may Mpox pala ang kinakausap nila.\nUna pa lang, mag-ingat na kayo at maigi na palakasin ang immune system. \n\nSundin nyo din ang payo sa video galing sa DOH, para na din maiwasan na sisihin nyo na naman sila sa kung dumami na ang kaso ng Mpox. ğŸ™„ğŸ™„\nYan kayo lagi eh, sinisisi nyo sa gobyerno. Pero una bes pa lang kayo na mismo yung walang disiplina.\nMahiya naman kayo sa sarili nyo.', 'Kawawa tlaga kung buong Pilipinas magka ganyan dahil weak pa nman ang leader natin ngayon mahirap nağŸ˜¢', '  - Tapos Wala pang gamot nyan ngayonğŸ˜¢', 'Ang dugyot kasi sa ibang lugar ng africa.tapos magkalat na sila ng virus.', 'Hindi mo na kami mauuto', 'Sakit nyan', 'Dapt always bring alcohol and mask din wag hawak2 kung kahit saan', '  - Not alcohol its pitrol good for cleaning', 'Unahan na natin ng panalangin ang hirap kumilos nyan', 'ğŸ˜¢ğŸ˜”ğŸ˜¢god save usğŸ™', 'awat awat', 'Bwesit talaga mga virus na yan', 'Hangga mn na,,,,', 'Naku pano napo Kaming mga sakitin ,wag Naman na sanang lumala yang virus na Yan ğŸ˜¢ğŸ˜¢', 'Wag naman sana mag ka pandemic kasi mahina presidente ngayon', 'Nakakatakot ğŸ˜¢', 'In Jesus name hipuin m lahat ng nakapitan ng mpox', 'anooo nah nmn tuh..scamm..di nah vah tayo nah dala..sa CHINA?', 'Tamang hygien talagağŸ˜¢ pero wag naman mangyare sa admin at gobuerno nowğŸ˜¢ baka lugmok na abutin ng pinas pag my lockdown pğŸ˜¢', 'Silay city positive may MPOX case n', 'Sanawag na sila basta2 nagpapapasok ng mga dayuhan dto sa pilipinas kakatakot,wag na sana mangyari ulit tulad ng covidğŸ˜”ğŸ˜”', 'may isang Case na dito sa Bukidnon.. hindi lang malamigğŸ˜…', 'Hindi Totoo mga sinasabi nyo katarataduhan sa Africa. Walang travel history magkakasakit katarataduhan mo', 'Pa balik balik nalang lahat? Walang bago?', ""*Huwag na po na'tin hayaan na mangyari nanaman ang nangyari noong 2020 na COVID-19. Alam naman po natin na napakahirap, walang trabaho, walang makain, walang socialization/close contact sa ibang tao. Maging maingat po tayong lahat, dahil para sa atin din naman po ito. Mas madali man po itong gamutin ayon sa mga doctor, mas maigi pa rin po na hindi na'tin ito matamo. Internet right now is very accessible na po, madali na lang na ma-search ang mga impormasyon na kailangan para maiwasan na'tin ito, kailangan na lang na mag-ingat sa mga fake news. Ingat po tayong lahat*"", 'Mag juwa mag kaka mpox narinğŸ˜„', 'Kulafu lang katapat nyan', 'Lord  ilayo mo kmi sa ganyan virus ğŸ˜¢ğŸ˜¢ğŸ™ğŸ™ğŸ™', '  - MANIFESTINGğŸ˜­ğŸ™', 'Lanay sa mindanao hangga sa visayas,,dili gyud na dilikado tanan tao muagi ani ky virus na sa ato lawas,,', ""Kainis naman 'tong Africa daming pinapakalat na sakit!!!"", ""laging maligo at maglinis ng kapaligiran. nagkaron na kami nyan noong bata pa ko. mga 90's pa yon, buong pamilya nagkaron nyan, karamihan sa binti kami nadali. bulutong"", '  - Bulutong tubig yun par, Chicken Pox.', '  - True', '  - FYI IBA po yong bulutong sa Mpox, ang same lang ay merong butlig.', 'TINITITIGAN KO PA LANG NANGANGATI NA AKO ğŸ¤ğŸ˜š', 'bulotong yn lng PG tag init Ang panahon', 'Ano bayan! KMJS! LAST year pa pala to. Sana I report nyo ung updated! This makes mass panic somehow.', '  - Nakasulat sa description', 'Meron na po dito sa Philippines dito rin po sa isabela', '  - Ano Lugar sa isabela', '  - San po Dito sa Isabela . Nakakatakot nman po ğŸ˜”', 'China did it, no doubt. We should cut ties with the US theyll never have our back only when itâ€™s convenient to them', 'â¤â¤', 'Para makaiwas din sa mpox kapag nagpamassage maligo after 1 hour or else kung malaking spa malign bago umuwi.', 'Nabanggit talaga to sa bible ğŸ™', '  - Anong verse?', '  - Masson plan.666', 'Sana may crocodile ğŸŠ pox din sa mga congressmen na napakatakaw sa pera ng bayan..', 'Palakasin ang immune  system  yan ang panlaban sa mga sakitsakit. Kumain ng good foods, magpainit at mag exercise.  At magdasal.', 'Pinaka marumi salahat Pera kc ndi natin alam kung sino sino ang humahawak sa mga Pera natin para sanun para safe gumamit Tayo ngsabon na sulfur na sabon Yan na kc gamit ko nah sabon', 'Marumi po mga tao jan sa africa kaya dapat ibawal sila pupunta sa ibang bansa', '  - Kahit saan pong continent may marurumi ang utakğŸ˜…', 'IHAVE THAT TOO PERO NAG HILUM NA YUNG SAKIN', 'Cebu na Naman.ğŸ˜†', 'Kain kc ng kain ng onggoy ang mga taga africa..... Halos araw araw nanghuhuli at kinakain tapos hindi pa hinuhugasan', 'ğŸ‰ğŸ‰ğŸ‰ğŸ‰ğŸ‰ğŸ‰ğŸ‰ğŸ‰', 'Kapag nagkabulutong ka, for sure sasabihin nila yang Mpox ğŸ˜‚', '  - Patay kang bata ka... Pera mo ubos', '  - frğŸ˜‚ğŸ˜‚ğŸ˜‚', 'kaya ung africa nka bannd s bahrain lahat mangagaling sa africa nkaband na', 'Nag ka roon ako ng chicken fox dati at sobrang Kati boong katawan ko kamay at tsa ka mukha ko at mainit sa katawan at palagi akong pinag papawisan nag simula lang sa kamay ko at akala ko isa lang mailiit na tumubu sa kamay ko parang may tubig at pinisa ko pagka lipas ng dalawang araw dun kuna napasin na dumami na pala sa buhong katawan ko pray ko lang sana hindi tumama itong mfox nato walang impossible pag lahat tayo sama samang ipag dasal na hindi to dadami basta ingant lang palagi sa labas kahit sino sa atin din ito magsisila at dadami pag Wala tayung ingant sa isat isa be safeğŸ™', '  - Anung ginamot mo huh', '  - manok at Lobo? ğŸ¥´', '  - Pox', '  - Di naman kinain nung fox yung chicken boss?', '  - Alam niyo Ang virus nang gagaling sa ibang bansa Hindi sa pinas dugyot Kasi eh nadadamay pa', 'pwddi ng iclose ung mga flight total nakapasok na, parang covid langğŸ˜†', 'Matagal na yan ehh..tuko samin yang  mga ilocano kung twagin..', '  - iba ang tuko, chicken pox yan light lng compare sa mpox', 'ğŸ™', 'Napakasama ko na, kaya lahat ng parusa naiisip na ng lumikha para ihagis sa akin.  Pag hindi na nya ako pinansin hindi na nya ako mahal', '  - God Loves uâ¤', '  - â–ˆâ–€â–„ â–ˆâ–‘â–ˆ â–€â–ˆâ–€ â–„â–€â–„ â–ˆâ–„â–‘â–ˆ â–„â–€â–€â–‘\nâ–ˆâ–„â–ˆ â–ˆâ–‘â–ˆ â–‘â–ˆâ–‘ â–ˆâ–€â–ˆ â–ˆâ–‘â–€â–ˆ â–ˆâ–‘â–€â–Œ\nâ–€â–‘â–‘ â–€â–€â–€ â–‘â–€â–‘ â–€â–‘â–€ â–€â–‘â–‘â–€ â–€â–€â–€â–‘\nâ–‘â–ˆ â–ˆâ–„â–‘â–ˆ â–„â–€â–„â–‘â–ˆâ–„â–‘â–„â–ˆ â–„â–€â–„\nâ–‘â–ˆ â–ˆâ–‘â–€â–ˆ â–ˆâ–€â–ˆâ–‘â–ˆâ–‘â–ˆâ–‘â–ˆ â–ˆâ–‘â–ˆ\nâ–‘â–€ â–€â–‘â–‘â–€ â–€â–‘â–€â–‘â–€â–‘â–‘â–‘â–€ â–‘â–€â–‘', 'Ang tibay talaga ng mga hula ni Rudy Baldwin pati Covid nahulaan.....Pati din ito nahulaan din, sinasabi nyang sakit sa balat.  Nakakatakot man ang mga hula pero mostly ng mga hula ay totoo', 'Kaya nag ka mpox yan kita nman parang walang ligo. Hahahaha tingnan mo yun katawan  duming dumi syempre ma   bulok talaga amg balat  hahahaha aba aba nag plano nanaman kayo mag lock down baka bunga singot lang gawon nyo ng mpoxs', 'Kawawa nanaman ang mahirap, philhealth ano na balita? ğŸ˜©', 'Last year pa po yan balita na yan..replay na nga kung tutuusin', '  - Nagkakaron daw ng case ngaun d lng binabalita ng doh', '  - May confirmed case na dito sa Cebu, banalita last week.', 'Mpox2', 'The light', 'Ilayo po yan sa amin ginoo ko nakakatakotğŸ™ğŸ™ğŸ™', '  - Tumira ka po sa bundok n walang kapitbahay,cgurado di ka mahawaan', 'Ito yung nahulaan ni Jay Costura.', '  - Anong hinulaan? Matagal ng may mpox ngayon lang sunod sunod na binalita sa Pinas ğŸ™„', '  - 2025 na naniniwala ka pa rin Kay Jay Costura. Kawawa ka naman', 'Balik facemask\nBalik lockdown\nNa nman ang lahat netoğŸ˜¢ğŸ˜¢ğŸ˜¢ğŸ˜¢ğŸ˜¢', '  - Kahit mag face mask ka Hindi tatalab yan Kasi Sa Balat yan effect o tatalab kahit makipag Apir ka makipag usap makipag socialize sa may mga sakit magkakaroon kadin kahit naka facemask ka o Alcohol,Basta always clean lang Lalo na kung  kumakalat na Dapat stay home lang', 'Duda ako may nag planu na naman ng bagong PANDemya,', '  - Puro ka duda Pg dudahan mo yung mga ginagawa ng tao sa kalikasan lalo na dito sa pilipinas Tapon ng basura sa Ilog tapos kung saan saan umiihi, kung saan saan dumudura ang bababoy ng Mga pilipino kulang sa Disiplina kaya Nagkakaroon ng mga sakit.. tapos cocoment ka nga ganyan Ni hindi ka nga nag aral ng medisina, o ng scientific tas magcocoment ka nyan hiyang hiya naman doctor sayo pweee', 'TALAGANG MAGKAKAHAWAAN DHL KARAMIHAN BALE WALA O HINDI NANINIWALA..KHT SABIHIN NYONG MAY GANYANG SAKIT NA KUNG KARAMIHAN DEDMA EH TALAGANG HAWA HAWA NA', '  - Tama', 'GCQ Season 2', 'ğŸ˜·', 'Dapat yan ang dadapo kay Torre ang MPOX', '  - SA mga dds DAPAT kamo Pati SA mga duterte Para tumahimik na diyan SA pilipinas', 'Lockdown nnmn pagkumalat yan', 'ğŸ™ğŸ™ğŸ™ğŸ™', 'ğŸ˜Š']"
2,M0QVWrQLqrk,2025-03-26T12:08:44Z,"Mpox Outbreak 2025: New Surge Explained â€” Causes, Symptoms &amp; Global Emergency Response",['You think we ainâ€™t going to notice the ai']
3,9QJepykziZY,2025-06-03T16:00:16Z,How Mpox Actually Spreads (And How It Doesnâ€™t) ğŸš« #Mpox #Monkeypox #HealthMyths,"['what to do if i think i have it?', '  - Watch out for the next episode its all about what your gonna do if you think you have monkeypox']"
4,397EcY0i_3g,2025-06-09T16:30:01Z,Why mpox is re-emerging on the African continent | DW News,"['The West and East want ...Minerals that will determine who will rule this next 1000 years and if you mass exterminate...Who inherents their land/Invade?????ğŸ¤” Aids now M Pox and what happend to Ebola ???ğŸ˜’', 'STRANGE FIRST IN THE STATE ITS REALLY THE DOCTORS TREATED THAT IN NYC A FEW YEARS AGO NOW IT STARTED UP AGAIN, SOMETHING NOT MATHING', 'diseases, conflicts, crises, hunger -- make the Africans unable to enjoy their resources themselves so that the West can have them instead', 'Western countries should focus their efforts on these issues, rather than spending billions in military budgets.', '  - why not both.', '  - @@eridal1548bc the money isnt infinite. Germany has been closing hospitals and merging clinics to avoid bankruptcy of the healthcare system. The healthcare system is collapsing also due to lack of workers. Instead of investing in healthcare they decide to spend billions on creating the biggest army possible to defend from imaginary enemies. We want welfare, not warfare', ""Watch out for China's hands in things like this."", 'This the result of the incompetent, uneducated and dictator leader Colonel Abiy Ahmed!! ğŸ˜¢', 'Monkey pox letâ€™s call it what it is if you want help in stopping it.', 'Monkey pox', 'no longer the responsibility of the west', ""I'm from Ethiopia.  My country is a mess, one faction fighting another, we had a gncd in Tigray, now there's another one in Amhara by Abiy and his regime but the world looks the other way.  On top of all of this we have the high HIV cases and now Mpox??? when will we get a break?"", ""  - The world is too overly obsessed with what's happenning Gaza"", '  - Europe is distracted with Ukraine and Gaza. Ethiopia would fall more into the Russian and Chinese sphere of influence rather than Europe or USA, so may have more coverage in those countries?', ""  - @@dominique-valois It's all linked together. Israel is good friends with the Ethiopian government that's perpetrating the gncd in Tigray."", 'ğŸ‰ ğŸ’¼', 'Why? to much bush meat, to much zoophilia.', 'Sounds just like monkey pox', 'Trying for covid 2.0 thw vax monwy must be running out. Yet again trying to push monkey pox just renaming it', 'What is the name of this journaliste his intonation and clarity of his sentence blow my mind', 'Mpox cases are increasing in Texas.', ""Media doesn't cover the diseases illegal immigration that resulted in the manifestation of Small Pox, Tuberculosis, and other Diseases that were previously eradicated in America."", 'Afrika is a lost continent ...', '  - Like your father lost', '  - Explain or are you an apartheid apologist', '  - Apartheid is Dutch .Iam Dutch..but not racist .an realist .', 'The results of U.S. cuts to aid.  This is what Gates was referring to when Musk began chopping off aid to collect money for tax cuts for the rich.', '  - They should ask their daddy china', '  - Not your money sponge', 'Currently i am here in Lubumbashi DR Congo, I can confirm there is no Mpox here', ""  - Setting aside your appeal to a personal anecdote, you can't even confirm you're in the Congo."", '  - Sure buddy, we know that you tested every person in hospitals to confirm it. I swear that the worst thing Europeans did to Africans, is to deprive them of education.', 'If you ask:\n""Why is X-desease resurging in Africa?""\nyou can answer with ""Capitalism"" 99%\nWorld could save millions with preventive vaccines, stabilising entire regions and countries, improving the live of Billions, but chooses not to because we need poor countries to afford our lavish lifestyle.', '  - So capitalism is the problem and yet you expect capitalism to protect Afrikans, so that they can thrive more (thus creating more problems).', '  - Why are x-desease resurging in Texas?', '  - Nope', ""  - Vaccines don't work."", '  - @@nenasiek wow... my comment was moded by DW?? I only asked why some deseases are resurging in Texas also...', 'WHO missing! ğŸ˜®', 'I thought the name is monkey pox', 'We have Trump and Musk\'s DOGE to thank for this. ""The abrupt closure of USAID support for the mpox control effort in Africa is a major blow, especially since it played a key role in the logistics of vaccine storage and distribution."" ğŸ˜¢', '  - So Africa needs US funds to give out vaccines?  Could it also be that the govts of Africa are too busy raping their coffers to line their own pockets, to care about the poor?', ""  - Lol. So America's fault for another countries lack of medical care.   Seems legit there"", '  - Why is it the responsibility of the American tax payer? Many of these countries are in the Russian and Chinese sphere of influence, surely they could do more.', '  - ï¼Ÿ they should have Taken the vaccine long ago ? How is it possible to related to the US? Please stop spreading lie', '  - Excuses for the lack of investment from their own country. Read more about what funding was cut.', 'Searching for negative news DW I see!!', ""  - Where is the 'positive' news smart ar$e.""]"
5,vPCSD_hIEPE,2025-06-03T10:21:45Z,"Facemasks ineffective against mpox, expert says | ANC","['Burder control again m.pax', 'skin to skin ? Eh pamu kung umalsik ang laway ng kausap mo sa skin mo eh mpox carrier na pala yun o tumalsik sa bibig mo a mata kasi di ka naka face shield? anung klaseng advise yan', 'Next will be distancing and finally VACCINEğŸ˜‚ğŸ˜‚ğŸ˜‚', 'ğŸ˜‚ğŸ˜‚ğŸ˜‚ monkey business again...', 'These will be spread further by the Pride people this month.']"
6,FYTbVq5voy0,2025-06-02T01:34:07Z,"Mpox totally different from COVID-19, no need to panic: expert | Morning Matters","['Naku po Pride month uso mga sex ngayon', 'ğŸ˜® wow morning']"
7,uyi4R3MvBQ4,2025-04-09T22:15:03Z,Concerns Over Silent Spread of Dangerous Mpox Strain | WION Podcast,"['*Who dragged this to Europe?*', 'Black holing my comments!', 'War effect, radio active', ""  - It's spread by gay men. This is what the media didn't tell you the last time. If you saw the line of men queuing up for vaccination you'd realise it was spreading in 1 specific demographic"", 'How many loads did that guy take the face? Jesus', 'More lies', 'Keep having open borders', 'So, they opened the lab again!\n\nHave you seen Fauci in the UK recently?', ""  - It's spread by gay men. This is what the media didn't tell you when it was being spread the last time.  It didn't fit the narrative that Gay men are promiscuous....\n\nIt is real but not a major concern for the wider public..."", 'Patient probably caught it at the local  same sex sauna.', '  - Allegedly', 'Oh man', 'Vaccines still work in many cases', '  - You wish', ""It's comes from south africa""]"
8,TbOjhBztdtU,2025-05-12T12:09:47Z,Mpox: Whatâ€™s Different Now? | Prof. Yap Boum II Explains,[]
9,5EHaLLNQY6I,2025-07-11T16:19:17Z,Watu 2 waripotiwa kufariki kutokana na homa ya Mpox Mombasa,['I think its man made']
10,u-o5Mk4F2hM,2025-06-11T07:00:47Z,Mpox : Lâ€™OMS maintient son alerte mondiale face Ã  la flambÃ©e des cas,['Nâ€™importe quoi arrÃªtez de nous faire peur']
11,npzBiH6j8JI,2025-05-29T05:45:50Z,"Ilang bagong kaso ng mpox, naitala sa Pilipinas | Pinoy MD","['ğŸ˜¢ğŸ˜¢', 'ğŸ˜¢']"
12,wEujjDlES3Y,2025-06-03T10:25:23Z,"DOH: Mpox patients show visible symptoms like skin lesions, canâ€™t be asymptomatic | ANC",[]
13,EgL-SFHYEAY,2025-03-10T19:30:05Z,URGENTE: MPOX Ã‰ A PANDEMIA DA VEZ?,"['LINK PARA O LIVRO CÃ“DIGO DA LONGEVIDADE: https://sun.eduzz.com/1W3VPX8J92?cupom=YOUTUBENOVO\n\nLINK PARA VERSÃƒO FÃSICA DO LIVRO: https://chk.eduzz.com/1W3VAOQ592\n\nLINK PARA CONSULTA, LIVROS E MAIS: https://linktr.ee/drjoaomigowski\n\nLINK PARA O LIVRO SEGREDOS DA CIRCULAÃ‡ÃƒO: https://sun.eduzz.com/8WPD7QBEWP?cupom=YTCIRCULACAO', '  - Nota 10', '  - 10', 'Como tratar a esporotrcose', 'Nota 1.000 CearÃ¡', 'Essas DoenÃ§as SÃ£o Criadas Propositalmente para da Diminuir a PopulaÃ§Ã£o, por isso NÃ£o Falam nem Fazem Nada!', 'Obrigado Dr. Nota 10. Portugal.', '  - Obrigado!', 'GratidÃ£o por nos alertar Dr. â¤', 'Nota 1000', 'Nota mÃ¡xima', 'Estamos  perto da volta de Jesus â¤â¤â¤â¤â¤â¤ğŸ‰ğŸ‰ğŸ‰ğŸ‰ğŸ‰', 'Nota 1000000000000', 'Mais uma vez 10, com louvor', 'Deveria ficar em isolamento ğŸ˜® Ã© muito descaso .', 'Muito obrigado dr. Por se preocupar conosco que Deus te abencoe', 'AgradeÃ§o dr vamos nos cuidar', 'Obrigado dotor', 'Como que a pessoa pega essa doenÃ§a Dr ,por ser contagiosa.', 'Obrigado por nos informar ninguÃ©m estÃ¡ falando nada', 'Obrigada', 'Obrigada!', 'O governo mudou esse enche de dinheiro a midia imunda, entao ninguem vai falar nada, vao ficar quietinhos...', 'Misericordia', '11', 'No mÃ­nimo vale 1000,dois grandes profissionais de medicina, parabÃ©ns com a contribuiÃ§Ã£o de vocÃªs para a humanidade!', 'Nota 1000- Mg, Contagem', '10 de Santa Catarina', '  - Valeu!', 'â¤ obg Deus a abenÃ§oe â¤', '100009â¤ amÃ©m obgğŸ˜…', 'BOA TARDE ! Dr. JoÃ£o e Dr. Edmilson âœ¨ğŸ’« te assistindo aqui na roÃ§a M. GERAIS .SOU CARIOCA morando num lugar de PAZ ğŸ™Œ M. Obrigado por vocÃªs nÃ³s orientar. DEUS abenÃ§oe proteja. Primeira vez que eu vim passear aqui em MINAS  estavam mandando se a gente viajasse tomar vacina proteÃ§Ã£o dos macacos.Ai me vacinei aÃ­ no Rio no POSTO do ENG. DE DENTRO  BAIRRO QUE EU MORAVA. MAS CHEGA DE VACINAS. MEU DEUS MISERICÃ“RDIA DE TODOS NÃ“S BRASILEIROS ğŸ‡§ğŸ‡·ğŸ™Œ', 'Sou de Pirapora Minas Gerais', '10', 'Infelizmente estamos jogados, quem deveria estar nos orientando fecha os olhos. ParabÃ©ns Dr. pela explanaÃ§Ã£o. Nota 10. Recife/PE', 'Ainda bem que nÃ£o somos apenas corpo fÃ­sico. Temos alma e um EspÃ­rito Eterno em Cristo Jesus â¤ğŸ•Š Aleluia!!!', '  - Sempre Excelente!', 'Obrigado!\nNota 10 !', '10', 'Infelizmente, vamos ver muito isso: doenÃ§as, fomes, guerras , pois vivemos no mundo que o homem sÃ³ quer viver de acordo com ele, nÃ£o crÃª que existe um Deus que nos criou para vivermos bem,sem angÃºstia, tristezas, catÃ¡strofes mas Ã©  o homem que quer assim.', 'Ninguem fala de reforÃ§o  da resposta imune, pq o sistema sÃ³ quer saber de vacina pq dÃ¡  $$$$$$', 'Nota 10!', 'Sou da SuÃ©cia sempre ouvindo tema muito importante nota ğŸ’¯', 'Obrigada  dr pelas orientaÃ§Ãµes .', '  - Valeu!', 'Sou de SÃ£o Paulo capital', 'Uma boa explicaÃ§Ã£o! Mas ,dÃ¡ medo, essas doenÃ§as perigosas', 'Nota 10', 'BOA tarde Para os Doutores, pai e filho! \nObrigada pela Laive,  vocÃªs merecem  nota 10000.\nUm abraÃ§o que JeovÃ¡ Deus os abenÃ§oe . \nAbenÃ§oe a famÃ­lia tambÃ©m. â¤â¤â¤ğŸ˜‚ğŸ˜ŠğŸ˜…â¤', 'Obrigada Dr JoÃ£o gratidÃ£o', 'Boa tarde Dr JoÃ£o vocÃª vai continuar fazendo vÃ­deos dos produtos dos mercados eu amei saber sobre isso', '  - Vou continuar sim!', 'Obrigado  doutor', 'Sou de Nova York te assistido sempr', 'Nota 20000', 'Muito obrigado pela informaÃ§Ã£o.', 'Isto Ã© varÃ­ola', 'LINK PARA O LIVRO CÃ“DIGO DA LONGEVIDADE: https://sun.eduzz.com/1W3VPX8J92?cupom=YOUTUBENOVO\n\nLINK PARA VERSÃƒO FÃSICA DO LIVRO: https://chk.eduzz.com/1W3VAOQ592\n\nLINK PARA CONSULTA, LIVROS E MAIS: https://linktr.ee/drjoaomigowski\n\nLINK PARA O LIVRO SEGREDOS DA CIRCULAÃ‡ÃƒO: https://sun.eduzz.com/8WPD7QBEWP?cupom=YTCIRCULACAO', '  - Nota 10', '  - 10', 'Mas jÃ¡ tinham Avisado que depois do Carnaval viria outra DoenÃ§a.lembrsm do Covidinho.venho depois das Festa.', '10 obrigada pela dica', 'Muito obrigada  Dr : JoÃ£o  por tantas  informaÃ§Ãµes  importantes  , mas  confesso  estou  com  medo  . Que Deus  nos  ajude .', 'Nota mil! Muito bem explicado! ğŸ‘ğŸ‘ğŸ‘ğŸ‘', 'Ã nota Ã© 10 Ã¡ cidade Ã© IpiaÃº Bahia', 'Obrigada doutor pela informaÃ§Ã£o nota 10000', 'Esse nÃºmero da azar   Dr ğŸ™ˆğŸ™ˆ da nota ? Nota mÃ¡xima!!!', 'Nota mil Doutor. â¤â¤â¤â¤â¤', 'Obrigada por esclarecer!', 'Obrigado pela ajuda nota 10', 'Ã‰ triste, e os Ã³rgÃ£os competentes nÃ£o estÃ£o mobilizando nenhum tipo de alerta, nota 10.000, o que vocÃªs estÃ£o fazendo Ã© de extrema importÃ¢ncia â¤ğŸ˜¢ğŸ˜¢ğŸ˜¢ğŸ˜¢', 'Jacineide de Rec obrigado pela informaÃ§Ã£o Dr.ğŸ™ğŸ™ğŸ™ğŸ™ğŸ™ğŸ™ğŸ™ğŸ™ğŸ™', 'FamÃ­lia Migowiski como sempre trazendo vÃ­deos excelentes â¤â¤â¤â¤', 'Ã‰ novo o seu pai, e uma pessoa muito agradÃ¡vel.', 'Nota 10!\nObrigada pelas informaÃ§Ãµes e dicas !', 'NOTA MÃXIMA POR TRAZER ESSAS INFORMAÃ‡Ã•ES!  PARABÃ‰NS AO TRABALHO SÃ‰RIO! \nQUE ESTES 2  MÃ‰DICOS, PAI E FILHO, TEM FEITO.\nEXCELENTE PROFISIONALISMO. TENHO POR ESTES 2 ANJOS, AMOR CARINHO, E MUITA ADMIRAÃ‡ÃƒO!\nAGRADEÃ‡O POR COMPARTILHAR COM  O BRASIL E O ğŸ‘‰ğŸŒ INFORMAÃ‡Ã•ES QUE TEM SALVADO PESSOAS! \nOBRIGADA! DR.EDIMILSON, E DR.JOÃƒO MIGOWSKI!ğŸ˜ğŸ¥°\nESTOU LENDO O LIVRO  E PRATICANDO \nTUDO QUE O LIVRO ELE ENSINA DE BOM MARAVILHA!!\nğŸ’ğŸ˜ğŸ‰ğŸ‘ğŸ‘ğŸ‘ğŸ‘', 'Pai e filho ğŸˆ ğŸ§ ', 'Muito obgda pelas informaÃ§Ãµes', 'Obrigada dr JoÃ£o, \nE ao dr Edmilson, parabÃ©ns,\nDeus abenÃ§oe suas vidas ğŸ™', 'Nota 10', 'Trabalhei com MÃ©dicos Sem Fronteiras no Congo. Dr. Peter Bertollo infectologista, direto de SC', '  - Excelente, amigo. Grande abraÃ§o!', 'obrigado Dor JoÃ£o por tudo', '10 para o senhor, Doutor', 'Obrigada  Dr JoÃ£o ğŸ™ŒğŸ™Œ', 'MAIS UM CASO DE GANHO DE FUNÃ‡ÃƒO VIRAL.', 'Boa tarde drs JoÃ£o e Edmilson! Nota 10.000 Muito obrigada pelas orientaÃ§Ãµes muito importante! Esta certÃ­ssimo,tem que monitorar quem vem de pugares afetados antes que seja tarde! Deus os abencoe muito!', 'Nota 10', 'Que absurdo', 'Nota 10 Dr.â¤', 'GratidÃ£o Dr, Macau RN Br', 'SerÃ¡ que vai chover chegar a fechar tudo ??', 'Eu amo esses dois mÃ©dicos! Sou incrista nos 2 canais. GratidÃ£o por sempre estarem nos alertando. Deus abenÃ§oe toda famÃ­lia ğŸ™â¤â¤ğŸ‘ğŸ‘ğŸ‘Nota mil aos dois. \nMoro em Belo Horizonte MG. ğŸ˜ŠğŸ˜Š', '  - NÃ³s que agradecemos!', '  - @@drjoaomigowski DOUTOR isso Ã© ganho de funÃ§Ã£o viral?', 'âœ¨âœ¨âœ¨      ğŸŒ      âœ¨âœ¨âœ¨', '10', 'Boa tarde eu to aÃ§istido vocÃªs aqui em novo oriente cearÃ¡ meu nome Ã© Francisco AraÃºjo â¤sou DIA beteâ¤', 'Muito obrigada Doutor, estou atenta aos teus vÃ­deos e tua nota Ã© 10.000! ParabÃ©ns pelo teu trabalho de divulgaÃ§Ã£o e cuidados com a  saÃºde pÃºblica. Deus nos abenÃ§oe poderosamente sempre. AmÃ©m! Falo do PiauÃ­ - BRASIL.', 'Nota 10', 'NotağŸ’¯ğŸŒˆ', '10. Estou assistindo  de Guarapari, ES', 'DR COMO E O MEIO de contÃ¡gio,contaminaÃ§Ã£o?', 'Nota 10\nSou de Aracaju Sergipe', 'NÃ£o Ã© pra tomar a vacina da COVID?', '10ğŸŒ™', 'Gratitude, doctor!', 'Dez, informaÃ§Ãµes concisas e Ã­ntegras. Deus voz abenÃ§oe...', 'Nota 10 para as suas explicaÃ§Ãµes  Doutor, eu estou vendo a sua live de SumarÃ© S.P.', 'Muito obrigada por  nos avisar', 'Boa Tarde Dr. JoÃ£o e muito OBRIGADO pelo seu  serviÃ§o de utilidade pÃºblica, quando que pela  mÃ­dias sociais nÃ£o ouvimos nada....', 'Sou de ItapoÃ¡ (aC)', 'ParabÃ©ns pela explicaÃ§Ãµes Doutor.', 'Boa tarde dr JoÃ£o e papai que Deus continue abenÃ§oando grandemente vcs famÃ­lia ğŸ™ğŸ»ğŸ™ŒğŸ»â¤ï¸', 'Boa tarde amo seu filho por favor qual Ã© o meio de contaminaÃ§Ã£o', 'Obrigado Dr Deus te abenÃ§oe ğŸ™', 'Boa tarde de SC assistindo ğŸ™ğŸ™', 'GratidÃ£o... Deus  continue  lhe abenÃ§oando.', 'BOA.TARDE.DR.JOAOâ¤â¤â¤ğŸ˜®ğŸ˜…ğŸ˜Š', 'MUITO OBRIGADO pÃ´r estÃ¡ informaÃ§Ãµes valiosas doutor JoÃ£o', 'Boa tarde Dr JoÃ£o â¤', 'Obviously not, doctor!ğŸ¦ ', 'Boa tarde Dr. JoÃ£o \nMuito obrigado por nÃ³s alertar\nEterna gratidÃ£o \nCompartilhei com todos meus amigos e irmÃ£os', '  - Eu que agradeÃ§o!', 'Nota 10â¤', '  - Obrigado!', 'Problema Ã© que a OMS Ã© contaminada por globalistas corruptos']"
14,0iIMQJDTGd4,2025-06-11T10:41:54Z,OMS mantÃ©m alerta global para epidemia de Mpox,"['Tem que isolar a Ãfrica do mundo, essa doenÃ§a MPOX tem que permanecer no paÃ­s e acabar por aÃ­ mesmo.', 'OMS - organizaÃ§Ã£o nÃ£o governamental formada por burocratas preocupados em nÃ£o perder poder e contribuiÃ§Ãµe$.', 'Aqui em Olinda na upa teve ,que interditar umaa Ã¡rea da emergÃªncia de MPox esta em todos os lugares !!!!!', 'Quem acredita nessa OMS? Depois do terrorismo que fizeram com a Covid agora vem isso. AtÃ© parece que Ã© tudo isso.', 'Depois dÃ¡ farsa, quem foi a pandemia da covid, serÃ¡ que ainda tem quem acredita nessa OMS?', 'Sem.os EUA,  a OMS ficou falida... bem feito ...ğŸ˜®', 'Dessa vez vamos ficar preso dentro de casa.\nLokdal nacional, sem direito a alimento.', 'Ã‰ atravÃ©s do medo, que os globalistas querem controlar a populaÃ§Ã£o, pra cima de mim, nÃ£o.', 'Amo essa vozâ¤', 'OMS Ã© uma piada, de mau gosto, por que atÃ© agora ela nÃ£o concluiu a investigaÃ§Ã£o de onde veio... O coronavÃ­rus.', 'Sangue de Jesus Cristo tem poder, para repreender todo mal que existe no mundo.', 'Quando chegar no Brasil e matar no mÃ­nimo 1 mil pessoas me avisa.', 'Gente vamos orar que o certo âœ”ï¸ ğŸ˜¢', 'NÃ£o se pode nem beijar mais', 'ACHINA estÃ¡ por trÃ¡s DOS  VÃRUS NO MUNDO', 'BlÃ¡ blÃ¡ blÃ¡ blÃ¡ blÃ¡ blÃ¡ blÃ¡ blÃ¡', 'ğŸ‘‰ğŸ’‰ğŸ’‰ğŸ’‰ğŸ’‰ğŸ‘‰ğŸğŸğŸğŸ¤”ğŸ¤”ğŸ¤”', 'Sera que o STF vai obrigar Lula dar dinheiro aos estados como fez no governo anterio se vira Pandemia e retirar os poderes da Amvisa e medicos brasileiros de cuidar da doenca?????', 'Tuso isso Ã© efeito das malditas vaÃ§inas da COVID', 'Que Deus nos proteja em nome de Jesus ğŸ˜¢ğŸ˜¢ğŸ˜¢ğŸ˜¢ğŸ˜¢ğŸ˜¢ğŸ˜¢ğŸ˜¢', 'Outra vez???', 'No Brasil a epidemia de pobre com esse desgoverno', '  - A sei a pandemia foi no governo de quem?', 'E isso mesmo quem tem No coraÃ§Ã£o nÃ£o tem medo de nada deus Ã© paÃ­ nÃ£o padrasto.. AmÃ©m', 'Querem diminuir a populaÃ§Ã£o de qualquer jeito', 'Para de safadeza comunista e islÃ¢mica OMS. Criadores da COVID FAIK.', 'MisericÃ³rdia ğŸ˜¢ğŸ˜¢', 'Mais uma fraudemia inventada!!!!!', 'Zacarias 14 apocalipse 9', 'lula Ã© o culpado disso, triste para o mundo ğŸ˜¢', 'MisericÃ³rdia senhor', 'DEUS os cure', '  - Deus elimine todos esses mentirosos, crapulas  e safados ğŸ˜¡', 'Que absurdo ainda manterem esse G 20 no ParÃ¡!!! Falta de responsabilidade', 'Olha a China ai gente', 'Aqui no Brasil. Tem vÃ¡rios epidemias . gripe corona vÃ­rus. .. burrice. Taxadisseviruz', 'MisericÃ³rdia!  Jesus, cada doenÃ§a.', 'OMS = OrganizaÃ§Ã£o Mega Socialista... essa opniÃ£o jÃ¡ nÌˆ vale mais nada!!!', 'MisericÃ³rdia Jesus Cristo â¤', 'AMARÃS AO SENHOR DEUS, DE TODO O TEU CORAÃ‡ÃƒO, DE TODO O TEU ENTENDIMENTO, DE TODAS AS TUAS FORÃ‡AS, E AO TEU PRÃ“XIMO COMO A TI MESMO, E SIGA A JESUS CRISTO FILHO DO DEUS VIVO, E O CONFESSE COMO O SEU ÃšNICO SALVADOR.(MANDAMENTOS DO SENHOR.)ENVIE PARA FAMILIARES E AMIGOS.', '  - O que Ã© que a oraÃ§Ã£o Shema  Israel tem aver com isso ???', 'Foi profetizado por David owuor assim como o zica vÃ­rus o covid tsunami de 2004  estamos prÃ³ximos de uma grande profecia em que Londres Paris Ã© Washington serÃ£o dizimados ğŸ˜¢', 'Mais um jogo da OMS e desse indiano pra enganar o povo', 'NinguÃ©m mais acredita na oms.', 'Epidemia global mpox mais uma que vem crescendo no mundo inteiro inclusive riscos chegar ao Brasil', '  - Tem vÃ­deos de 2 anos atrÃ¡s falando que jÃ¡ tinha essa doenÃ§a aqui no Brasil, imagina agora', 'Aqui a epidemia de impostos e precos altos nÃ£o tem cura.\nAgora imaginem se misturar com a mpox \nÃ‰ o fim entÃ£o', 'Aqui Ã© a epidem', 'Durante a pandemia a OMS manipulou a opiniÃ£o pÃºblica e aterrorizou o planeta inteiro com um apocalipse sanitÃ¡rio DESMENTIDO por ela prÃ³pria 3 anos depois. Que credibilidade tem essa organizaÃ§Ã£o? ZERO.', 'NO BRASIL MORRE MAIS PESSOAS POT DIA SE  COMPARADO A PAISES EM GUERRA!', 'a OMS Ã© apenas uma Arma da Â´Nova ordem mundialÂ´. Querem CONTROLE. E se bem me lembro quando era pequena tive catapora e Sarampo, alias toda crianÃ§a tinha, e Criava-se ANTICORPOS! fazia parte da vida, agora Tudo Ã© Â´PandemiaÂ´ e vacinas assassinas. para as Grandes farmaceuticas ficarem MAIS TRILIONARIAS! e quem esta por tras dessas industrias de remedio?', 'Falaram,falaram  mas nao disseram como pega isso ,vai entender !?', '  - Como pega a variola ou varicela ?\nNÃ£o vÃª Ã© que outra mentira para enloquecer a humanidade como  #C19 ?', 'Para o brasileiro tÃ­pico... sÃ³ vai comeÃ§ar a se importar, quando a vizinha relatar que o tio dela teve!', '  - Brasileiro tÃ¡ ocupando preocupado em brigar por polÃ­tico ğŸ´', 'ğŸ˜‚ COMEÃ‡OU. A MÃDIA. TERRORISTAS. ANUNCIAR. PANDEMIAS. ELAS ADORAM  ISSO AFFFF', 'Ãfrica aonde exatamente?', '  - Congo', 'Mais uma profecia de David owur.  Se cumprindo.', '  - ""Profecia de Davi"" ğŸ˜‚ğŸ˜‚ğŸ˜‚ğŸ˜‚\nDeus olhando pra vc: ğŸ¤¨ğŸ¤” \n\nEngraÃ§ado que esses profetas profetizam o que Deus profetizou nÃ©? A bÃ­blia virou um livro de mÃ¡gica, tem que usa pra praticar a profecia e tem quem nÃ£o usa pra acreditar na ""profecia do homem""', 'Se o governo trabalhar certo essa doenÃ§a acaba', 'QUEM TEM QUE FICAR EM ALERTA SAO OS AEROPORTOS BRASILEIROS QUE RECEBEM OS AVIOES DESSE PAIS.', '  - nÃ£o estÃ£o nem aÃ­, o dinheiro fala mais alto, acha mesmo que vÃ£o querer barrar viagens sabendo q vÃ£o perder lucro? infelizmente Ã© assim que acontece.', '  - Isso comeÃ§ou na Europa ha muitos anos atrÃ¡s  faÃ§am as vossas pesquisas pessoal, nÃ¢o Ã© o que estÃ£o dizendo as populaÃ§Ãµes. Tudo que Ã© ruim Ã© sempre na China ou Africa  ?  Ã‰ muito estranho nÃ¢o acham ?', 'Ja vem guerra biolÃ³gica  da china', 'VÃ­rus que sÃ³ aparece na Ãfrica, estranho isso. O mundo estÃ¡ cada vez mais cruel', 'Louvado seja Jesus Cristo ğŸ™ğŸ¾ğŸ™ŒğŸ¾, a tudo que esta na biblia estÃ¡ se cumprido, louvado seja o reis dos reis oh JeovÃ¡ honra e glÃ³rias a ti Deus de IsraelğŸ™ŒğŸ¾ğŸ™ğŸ¾ğŸ™‡ğŸ¾\u200dâ™‚ï¸', 'INVESTIGUEM O CULPADO,- EÂ´ O BANDIDO JÃ CONHECIDO', '  - Sim todos conhecemos chamado "" HUMANO""', 'Aqui no Brasil Ã© epidemia de taxa!!', '  - Exato muito pior.', '  - E o principal transmissor Ã© o taxad', '  - ğŸ˜‚', '  - \u200b@@user-st1gz5ti7zisso aÃ­ ğŸ˜‚', 'Pesquisem aÃ­ quem faz parte do grupo de risco ğŸ˜‚', 'Nojera com esses carnavais da nisso', 'Vergonha essa tal de OMS', 'A esbanja fica viajando pra lÃ¡ e pra cÃ¡', '.\n    PROBLEMAS DELES\n.', 'Andate a cagare', 'Quem.  Tem.  Deus. Nada.  De. Mal.  Pode.  NÃ³s.   Atrapalhar.  Na.  PresenÃ§a.  De.  Deus.', '  - Por que vocÃª coloca ponto final em cada palavra? Que coisa feia!', 'Esgotos   Ã   cÃ©u   aberto  dÃ¡   misso tambÃ©m   este  paÃ­s     nÃ£o  tem    seguranÃ§a    o  Governadores  Ã© governo federal   SÃ£o  todos  canalhas    traidores   Com este  Povo   AFRICANOS     ,,,', 'Enquanto o sistema nÃ£o diminuir a super populaÃ§Ã£o mundial nÃ£o vai sossegar.', '  - Eu tambÃ©m acho isso, o sistema quer eliminar as pessoas a todo custo.\nSeja pelas guerras, doenÃ§as ou misÃ©ria.\nTodos os indÃ­cios estÃ£o aÃ­ para se ver.', '  - Quer matar as pessoas?', '  - ParabÃ©ns exatamente melhor comentÃ¡rio', '  - Esta Ã© a meta. Poder e dinheiro', 'Estes filhas da puto que soltou a doenÃ§a propositalmente', 'so usar oleo de  coco', 'Agora Lascou! Doente de bolhas na pele ninguÃ©m merece, isso sÃ£o as peste do laboratÃ³rio chinÃªs', 'Como o COVID nÃ£o surtiu efeito agora soltaram esta', 'O mundo tÃ¡ tÃ£o louco, sÃ³ pode ser praga do Egito.', 'Cumprimento da palavra de Deus. Qus Deus tenha misericÃ³rdia de cada um de nÃ³s e nos guarde. E que possamos estÃ¡  na presenÃ§a  do nosso Supremo Deus,buscando a sua presenÃ§a  todos os momentos enquanto existimos nessa terra .', '  - AMÃ‰M EU CREIO', '  - AmÃ©m', '  - NÃ£o  ponha Deus  no meio desse quadro triste', 'Jesus amado misericÃ³rdia', 'Vai  vendo', 'Muito triste ver as pessoas sofrendo assim.', '  - Sim verdade triste . Tudo criado. Pelo GO. NÃ£o vÃ£o sossegar enquanto nÃ£o diminuir a populaÃ§Ã£o.', '  - Efeito das vaÃ§inas! Eu nÃ£o tomei nenhuma dose dessa porcaria.', '  - Como a varicela ou variola   pessoal', 'MisericÃ³rdia ğŸ˜¢', 'Apocalipse zumbi ta pertinho. Z', 'MisericÃ³rdia', 'Ememtira ese video', 'Ememtira ese video', 'Ememtira ese video', 'Ememtira ese video', 'Ememtira ese video', 'Ememtira ese video', 'Ememtira ese video', 'Ememtira ese video', 'Ememtira ese video', 'Ememtira ese video', 'Porque ja nao correm atras de vacina', 'EstÃ¡ escrito na PALAVRA DE DEUS:\nLucas 21:11\n\nHaverÃ¡ grandes terremotos, fome e peste em vÃ¡rios lugares, e acontecimentos terrÃ­veis e grandes sinais no cÃ©u.\nAs profecias bÃ­blicas estÃ£o se cumprindo nos nossos dias e estes sÃ£o  uns dos sinais da VOLTA DE JESUS que nÃ£o sabemos quando vai ser,mas JESUS CRISTO VOLTARÃ', 'Complicado de novo outra doenÃ§a', '  - TÃ¡ desde 2022, mas nÃ£o duvido de nova pandemia em 2026.', 'Ai vem durepox kkkk', 'Que Deus nos livre .ğŸ™ğŸ™ğŸ™ğŸ™', '*Desde de 2024 foi notificado, esses vÃ­rus jÃ¡ estava nas picadas das abelhas malvadas ğŸğŸğŸğŸ’‰ğŸ’‰ğŸ’‰ğŸ¤”ğŸ¤”ğŸ¤”*', 'Os SatanÃ¡s das TREVAS voltaram a atacar pra exterminar parte da populaÃ§Ã£o mundial, com as armas BiolÃ³gicas ğŸ˜¢ğŸ˜¢ğŸ˜¢ğŸ˜¢ğŸ˜¢ğŸ˜¢', 'Af! Vai comeÃ§ar a manipulaÃ§Ã£o! ğŸ˜‚', 'Mpox Ã© a antiga AIDS muito triste', '  - Nada a ver cara..ğŸ˜‚ğŸ˜‚ğŸ˜‚ğŸ˜‚ğŸ˜‚\nMPOX  Ã© a antiga VarÃ­ola, sÃ³ que com o vÃ­rus mais potente ainda, e Ã© chamada tambÃ©m de varÃ­ola ou doenÃ§a dos macacos.', '  - SÃ³ pega se tiver relaÃ§Ã£o entÃ£o?', '  - \u200b@@TotalmenteDemaissas picadas', 'IsaÃ­as cap. 55 vers. 6-7-8.\nâ¶ Buscai ao Senhor enquanto se pode achar, invocai-o enquanto estÃ¡ perto.\nâ· Deixe o Ã­mpio o seu caminho, e o homem maligno os seus pensamentos, e se converta ao Senhor, que se compadecerÃ¡ dele; torne para o nosso Deus, porque grandioso Ã© em perdoar.\nâ¸ Porque os meus pensamentos nÃ£o sÃ£o os vossos pensamentos, nem os vossos caminhos os meus caminhos, diz o Senhor.', '  - GlÃ³ria a Deus... Aleluyah', 'O diabo que espalha o mal e pandemias nÃ£o descansa ..Jesus esta as portas Rezemos AmÃ©m ğŸ™', '  - O diabo ?  Vc culpa o diabo pelas ,as escolhas das pessoas    ,que se ausentam  ou se afasta  de Deus  ?  Vc nÃ£o tem vergonha na cara de fala isso ?', 'Soltaram para controlar a populaÃ§Ã£o', '  - La vem kkkkkkk', 'Porque nÃ£o estÃ¡ falando nos jornais?', '  - Vdd', 'MisericÃ³rdia ğŸ˜¢', 'As mÃ­dias, garotas de programas da OMS, estÃ£o a todo vapor, tentando colocar pavor na populaÃ§Ã£o. PorÃ©m, o GADO esta acordando.', 'Mpox.hv.foi o homem que fez sex com macaca .ou mulher fez sex com macaco ğŸ˜‚ğŸ˜¢ğŸ˜®', 'VARÃOLA Ã‰ VARÃOLA Ã‰ O NEGACIONISMO ETC MUNDIAL FICA A DICA', '  - Ã‰ exactamente isso  variola e nÃ¢o mpox, querem exterminar a raÃ§a negra com esta mentira', 'SerÃ¡ se vem outra pan mundial ğŸ˜®', 'Bah', 'Chimpanzil ta perdido mesmo, olha os comentarios dos bonobos ğŸ˜‚.', 'Aqui brasil tem epidemia de burrice e preguiÃ§a.', '  - ğŸ˜‚ğŸ˜‚ğŸ˜‚ğŸ˜‚ğŸ˜‚ğŸ˜‚ğŸ˜‚ğŸ˜‚ğŸ˜‚', '  - A preguiÃ§a  tÃ¡ dominando o  Brasil  inteiro   tÃ¡ acabando  com os jovens', '  - E por isso quÃª esse paÃ­s nunca anda pra frente e ainda os debochados ficam rindo disso e fazendo piadas mÃ¡s eles sabem quÃª isso e verdade e estÃ£o tentando disfarÃ§ar mÃ¡s isso nÃ£o cola eles tÃ¡ tambÃ©m sabem disso e tambÃ©m de quÃª a culpa e deles por isso', '  - E de Roubos, principalmente,  do dinheiro pÃºblico !', '  - Sim muito petista ğŸ˜…ğŸ˜…ğŸ˜…ğŸ˜…', 'a bÃ­blia que a palavra de. Deus .fala que no final dos tempos seria assim . com muitas doenÃ§as e catrastofes.e a palavra dÃª Deus se conprindo . aceite a jesus.porque estÃ¡ voltando', '  - O rei ğŸ‘‘ estÃ¡ voltando ğŸ™ŒğŸ»ğŸ™ŒğŸ»ğŸ™ŒğŸ»ğŸ™ŒğŸ»ğŸ™ŒğŸ»ğŸ™ŒğŸ»ğŸ™ŒğŸ»', '  - Essas coisas acontecem hÃ¡ muito tempo , as religiÃµes foram criadas pra manipular pessoas', '  - O QUE PRESCISA  PARA JESUS CRISTO VOLTAR... NA VISAO DO RABINO MESSIANICO MATHEUS ZANDONA:  VEJA O VÃDEO:  A SALVAÃ‡AO VEM DOS JUDEUS  DE ENSINANDO DE SIAO!!  ME CRIEI NA ASSEMBLEIA  DE DEUS,  MAIS CONFESSO  APRENDI MUITAS COISAS COM ESSE MINISTERIO !! OBS::  ELES NAO PEDEM PARA VOÃ‡E DEÃXAR SUA IGREJA!', '  - Verdade verdadeira Ã© apocalipse', 'Porque eles nÃ£o falam da epidemia de â€œmal sÃºbitoâ€?', '  - Problema educacional, a ppopulaÃ§ao ta se alimentando mal, enfim, tudo culpa do proprio brasileiro', '  - ""Ã‰ pobre porque quer, se alimenta mal porque quer"" \u200b@@diario224', '  - \u200b@FontoraDamianigado', '  - Porque Ã© sobre essa doenÃ§a jumenta', '  - Tudo por conta das malditas vaÃ§inas!', 'Zona Leste tÃ¡ cheio', '  - SÃ©rio???ğŸ˜®  vomo sÃ£o as lesÃµes? Moro no Interior de Minas', 'E la vem outra peste negra moderna  de novo ğŸ˜¢ğŸ˜‚ğŸ¤£ğŸ¤£', '  - Ã‰ peste branca e nÃ¢o negra, porque apareceu primeiro aqui na Europa ha anos atras faÃ§a as suas  pesquisas  antes de falar bobagens, isso Ã©  como variola', 'Estranho. Moro na Italia aqui nÃ£o falaram nada sobre essa ""emergÃªncia"" isso Ã© na ÃFRICA.!!  Aqui na Europa ninguÃ©m falou nada na RAI UNO.', '  - Tb moro na italia nao passa nada tv , so falam de politica, as guerras e alguns omicidios quando acontecem', '  - A Europa sÃ³ passa o que eles queremğŸ˜‚ğŸ˜‚', '  - \u200b@LuodaDerioaMPOX Ã‰  O NOME DO VÃRUS.', '  - Pessoal  isto Ã© uma guerra contra a Africa por causa  do despertar dos africanos, Mali, Burkina Faso e  Niger, faÃ§am as vossas pesquisas essa doenÃ§a comeÃ§ou aqui na Europa ha muitos anos atrÃ¡s ğŸ˜‚\nFaz tanto mal como a varicela ou Ã  variola  ğŸ˜‚', 'Deus usou um padtor para o povo usar maecaras e ficar em alerta pois surgiria doencas pior q a ultima pandemia e q afetaria 9s orgaos  genitais ğŸ˜® oremos e vamos adotar mÃ©todos de higienizacao nas maos e usar mascaras Ã¡lcool gel', 'PORQ NÃƒO MOSTRAM OS CASOS NA AMAZÃ”NIA?\nE O BRASIL A 2 ANOS ATRÃS O BRASIL ERA O PAÃS QUE MAIS TINHA CASOS , ONDE FOI PARAR AD PESSOAS? \nhttps://youtu.be/4TxeO_MzU2c?si=D4YVJ5imNkSC7WQW', '  - Bem observado.', 'VarÃ­ola dos macaco prego. KkğŸ’', 'A Epidemia do Apocalipse si aproxima....', 'Eles colocam foto dos africanos porque nÃ£o colocam fotos dos casos daqui do Brasil as lesÃµes deste tempo agora estÃ£o diferentes mudou-se ğŸ˜¢', '  - Muito bem dito,  eu ja tinha  visto um mÃ©dico Cientista africano a explicar que a OMS esta mentindo para fazer os africanos tomarem  vacinas que serÃ£o  extremamente perigosas para a raÃ§a negra. ğŸ˜¡', 'Sonhei que o cÃ©u ficou todo vermelho com raios. AÃ­, algumas pessoas do nada desapareceram, foram arrebatadas. Todos viram esses sinais: Jesus estÃ¡ voltando.', '  - AmÃ©m!!', '  - Deus, Ã© maravilhoso,ğŸ™ğŸ™ğŸ™ŒğŸ½ğŸ™ŒğŸ½', '  - Para o inferno sÃ³ se for. NinguÃ©m vai ser arrebatado coisa nenhuma. Todo humano e uma desgraÃ§a nesse planeta... vamos todos queimar no inferno', '  - AÃ­ tu acordou no sanatÃ³rio... lugar de pessoas que tem delÃ­rios totalmente fora da realidade.', '  - \u200b@@macdealer7936 Jesus te ama', 'Variola do macaco isso ai mesmo', 'Brasil ğŸ‡§ğŸ‡· potÃªncia mundial de yauh e yaushağŸ˜‚ğŸ˜‚ğŸ˜‚ğŸ˜‚ğŸ˜‚ğŸ˜‚ğŸ˜‚ğŸ˜‚ğŸ˜‚ğŸ˜‚ğŸ˜‚ğŸ˜‚ğŸ˜‚ğŸ˜‚ğŸ˜‚ğŸ˜‚ğŸ˜‚ğŸ˜‚ğŸ˜‚ğŸ˜‚', 'Na Ãfrica sei agenda que segue', 'AHAM, MPOX . TA CERTO. TAO PENSANDO QUE O POVO Ã‰ BESTA AINDA', '  - E pior que Ã© ğŸ˜‚ğŸ˜‚ğŸ˜‚ğŸ˜‚ sÃ³ que se tiver uma nova pandemia quero ver auxÃ­lio ğŸ˜‚ğŸ˜‚ğŸ˜‚ğŸ˜‚', '  - \u200b@@vibrasempreobem Estamos lascados.', '  - Sim Ã© MPOX , mas nÃ£o falam dos casos na AmazÃ´nia', '  - Mais 90 % e  ! Vc ainda tem dÃºvida  ?', '  - Tudo bem planejado, o sistema nÃ£o para.', 'Ã‰ uma disputa entre duas pandemias: Mpox X Gripe AviÃ¡ria, qual das pandemias serÃ¡ escolhida?', '  - EstÃ£o na dÃºvida ainda, qual seria melhor para instalar o caos e o medo no gado.', '  - Tanto faz o que decidirem. Maioria da populaÃ§Ã£o Ã© cega, surda e muda. Aceita tudo e ainda ajoelha para ser picada.', '  - M Pox eh boba. SÃ³ contato', '  - Se bobear as duas e todas outras possÃ­veis', '  - Daq a pouco a virgÃ­nia abre um bet entre Mpox X Gripe aviaria.', 'Esse vÃ­rus jÃ¡ vem nas vacinas: para vender mais vacina, pra ganhar mais dinheiro.', 'O que Ã© Mpox? NÃ£o falou', '  - A mesma â€œvarÃ­ola dos macacosâ€.', '  - nada demais sÃ³ a varÃ­ola dos macacos.', '  - Nada demais! SÃ³ mata quem nÃ£o procura socorro logo, bolhas geralmente nas mÃ£os, febre diarreia  ,dores \u200b@@LucasSilva10101', '  - \u200b@@vanuziaalmeida7964eu fui irÃ´nico brother.', '  - \u200b@@vanuziaalmeida7964 eu nÃ£o falei sÃ©rio brother.', 'Pandemia de novo ğŸ˜¢ğŸ˜‚', '  - TÃ¡ rindo?ğŸ˜¢\n\nOxi,a coisa Ã© sÃ©rio, rapaz!']"
15,41muUhZNE1Q,2025-01-07T11:17:30Z,Ce qu&#39;il faut savoir sur le mpox | AFP,[]
16,K9C33XtfIW8,2025-05-27T00:15:01Z,"27 kumpirmadong kaso ng mpox, naitala sa Mindanao; publiko, pinag-iingat","['Dti khit pandemic never kmi ngpaturok Asawa ko Lang naturukan dhil may pasok sya kmi Ng Bata Hindi Panay gala pa kmi noon piro never kmi mhawaan KC may ginagamit akong product na nagpalakas Ng emmune system quantumin plus panguntra sa virus Hindi sya Basta mbili 60 ml Lang sya piro gravi kamahal', 'Ano ba Naman Bansa natin hindi ma protectahan pati sa virus na dadamay tayu', 'ğŸ˜°ğŸ˜¨ the second one jsm ğŸ¤¤', 'Humanda kayo lalu na sa davao pag dumating na tag ulan siguradong lulubog kayoğŸ˜', 'Mamamatay tau lalo sa panahon ni bangag if kakalat tlaga to sa pinas.', 'Nasaan ngayon ang  mga pasyente ? Ipakita nyo muna bago paniwalaan ng mega Tao balita nyo weeee nananakot na naman kayo . Tarot PA more!!!!!', 'Kamahal pa namn ng acyclovir', 'Bawal dapat i isolate mga taga mindanao', 'Di ba kayo nakakahalata?', 'Itong mga dahon nato Ang pupuksa sa virus kapag Meron Kang monkeypox', 'This 4 leaf will be heal u ilagga tapos lagyan ng ice at inumin pero 4 na halaman 1 lng piliin nyo unang halaman.Neem, olive leaf, garlic, enchinacea.', 'Dito Po sa Tabaco City Albay. Meron narin pong MPox.', 'Chemtrails sprayed in Davao days ago.', 'Hindi mo man lang inereport kong paano iyan nakukuha at ano ang mga sintomas.', 'nasan ang vp nyo', 'Kayanh kaya ng bbm admin yan.ğŸ˜‚ Kahit mag lockdown pağŸ˜‚ğŸ˜‚ daming pondo ng Phil heath at dohğŸ˜‚ğŸ˜‚ ay d pa pala naibalik ang transferred na pondo ng Phil healthğŸ˜‚ğŸ˜‚ğŸ˜‚', 'Lockdown na.. baka mag kalat pa', '  - Economy and Business: ğŸ“‰ğŸ“‰', '@@UNTVNewsandRescue pakicheck naman or change 15 lang yung case sa 0:19', 'Mpox at mga pagbaha parusa sa mga taga mindanao na nanggugulo sa gobyernoğŸ¤”ğŸ˜ğŸ˜ğŸ˜', '  - Nayabag na', '  - \u200b@@jesseviellalu ka nağŸ˜', 'Ksalanan n nmn 2 n bbm ğŸ˜¢', 'Anong gamot po Dito huhuhu', 'Rudy Baldwin. Prediction Nagkakatotoo na', 'Kinang inang yan. di ko na nga naranasan mag prom at graduation nung grade 12 ako tapos ngayon ggraduate nako next year may possible chance nanaman na hindi ko maiiexperience yun T-T', 'Anak kong babae noong nakaraang linggo nilagnat on and off tas later may tumubong parang mga bulutong sa mga paa nya at tuldok.tuldok na mapupula sa mga kamay, talampakan, ilong at baba ng bibig nya kokonti pa lang naman agaran kong dinala sa rhu dito samin nabigyan kaming antibiotic at cream 3 days lang awa ng diyos gumaling naman..akala ko po HFMD kaya inagapan ko..nangangati sya non tas buti rin lang wala sa loob ng bibig..di nakadamiâ¤', '5 lang po hindi 15.', 'Fake news nanaman kau magvedio kau  sa pasyente para  maniniwala  ang  taong  bayan', 'Uh oh', '1 Corinthians 15:1-4:\n""Now I make known to you, brothers, the gospel which I preached to you...that Christ died for our sins according to the Scriptures, and that he was buried, and that he was raised on the third day according to the Scriptures...""', 'Huhuhu unsaon naman geh ginoo oi', 'Hahaha......... Kwarta npud sila', '2020 season 2ğŸ’€ğŸ’€ğŸ’€ğŸ’€ğŸ’€ğŸ’€ğŸ’€', 'Last few months may na report ng MPOX case sa pinas pero walang ginagawang action ang gobyerno labas pasok parin and mga dayuhan ngaun dumami ang mga infected cases hindi parin sila naghihigpit may mga LGU naman na puede nilang e educate para monitor ang situation sa community nila ganyan kabulok ang sistema sa pinas obviously pera pera nanaman habang ung mga nasa laylyan ang mga nahihirapan.', 'Bulutong matsing!', 'God heal us amen', 'wtf galing sa chinese yan....duterte legacy', 'Shout out sa Mindanao. Siguro gihatag na nga sakit sa Ginoo ninyo diha kay gilabanan ninyo si Digong Duterte bisag iyang gi bugalbugalan ang Diyos ug gitawag ug STUPID. Sa iyang gibuhat inyo pa siyang ginasuportahan maong ang Ginoo naghatag ug leksyon kaninyo karon para ipahibalo nga dili jud pwede tawagon ug maot ang Diyos. Unta anha ranang sakita ayaw na ipadala aris Visayas ug Luzon. ğŸ˜¢', '  - Hahaha.. wala Kang alam sa mangyari! Baka kainin mo lahat ng sinabi mo tama yan wag kayung tumuntung sa Mindanao... Wag na wag baka Mindanao nalng matitira sa darting na araw...', 'Clarification po, 15 po ang sa SOCCSARGEN, nakalagay kasi sa screen na 5 lang.', 'Luh! Nakakatakot naman', ""NAHH I DON'T WANNA GET BLACK SKITTLES ALL OVER ME PLEASEğŸ˜­ğŸ˜¨ğŸ™"", 'Yan alaga kasi ni inday mga Chinese kaya dyn na punta ang sakit', 'Yung chill lang ang DOH kasi wala pa sa ilang libo ang nagkakaroon at namamatay just like COVID doon lang magkakaugaga kapag red alert na. Tapos gagatasan na naman ang sambayanan sa mga requirements at magmamahal na naman ang facemask at alcohol.', 'Di kaya bulutong yan dahil sa sobrang init?', 'Sana sa Davao na lang', '  - Belong ang Davao sa Mindanao!', 'Nag ka ganyan din ako dati nong buntis ako Puno ung katawan ko,,,pero Hindi naman un naka Hawa,,,', 'Ayan, ubusin mo lahat ng mga DDS lmaoooo', '  - Mauna kana sana.. ameen', '  - \u200b@@thang3883uy, hindi ako DDS hahahhahaha', 'Mas nakkatakot to kesa sa covid', 'Dami na pala sa africa wag sana mapunta dto sa europe manilağŸ˜«', 'Side effects yan ng covid vaccine', 'lockdown na agad ah', '  - Lockdown tapos bigyan nlang ayuda mga tao.. yong bigas na tag 20 per kilo.ğŸ˜‚ğŸ˜‚', 'Chicken pox lang Pina bongga niyo lang ang pangalan.', 'quarantine na muna bago paluwasin pag dito sa manila nakarating yan malaking problema sa ekonomiya', 'mpox gkan netherlands', ""Pwede po yung tubig na malamig -30' tapos iinumin ? Para mamatay yung fungus ? Godbless.."", 'English \n\nHALLELUYAH!\n\nAnd saying, â€œThe time is fulfilled, and the Kingdom of ELOHIM (God) is at hand. Repent, and believe in the gospel.""\n(Mark 1:15)\n\nFor all have sinned and fall short of the glory of God,  being justified freely by His grace through the redemption that is in YESHUA HaMashiach    (Christ Jesus).\n(Romans 3:23-24)\n\nIn Him, we have redemption through His blood, the forgiveness of sins, according to the riches of His grace.\n(Ephesians 1:7)\n\nTherefore Abba YHWH also has highly exalted Him and given Him the Name which is above every name,  that at the name of YESHUA \n (Jesus) every knee should bow, of those in heaven, and of those on earth, and of those under the earth,  and that every tongue should confess that YESHUA HaMashiach (Jesus Christ) is LORD, to the glory of God the Father.\n(Philippians 2:9-11)\n\n\nRebbe Melech Yeshua HaMashiach the El HaAmitti and Chayyei Olam\n(Jesus Christ is the true God and eternal life). He said, â€œTell my people that I died on the âœï¸ of Calvary and rose again, so that everyone may walk in newness of life.â€', 'Hala .bka mglock down n nmnğŸ˜¢', '  - English \n\nHALLELUYAH!\n\nAnd saying, â€œThe time is fulfilled, and the Kingdom of ELOHIM (God) is at hand. Repent, and believe in the gospel.""\n(Mark 1:15)\n\nFor all have sinned and fall short of the glory of God,  being justified freely by His grace through the redemption that is in YESHUA HaMashiach    (Christ Jesus).\n(Romans 3:23-24)\n\nIn Him, we have redemption through His blood, the forgiveness of sins, according to the riches of His grace.\n(Ephesians 1:7)\n\nTherefore Abba YHWH also has highly exalted Him and given Him the Name which is above every name,  that at the name of YESHUA \n (Jesus) every knee should bow, of those in heaven, and of those on earth, and of those under the earth,  and that every tongue should confess that YESHUA HaMashiach (Jesus Christ) is LORD, to the glory of God the Father.\n(Philippians 2:9-11)\n\n\nRebbe Melech Yeshua HaMashiach the El HaAmitti and Chayyei Olam\n(Jesus Christ is the true God and eternal life). He said, â€œTell my people that I died on the âœï¸ of Calvary and rose again, so that everyone may walk in newness of life.â€', 'Yung hula ni Rudy Baldwin', 'Bakit sa Mindanao lng???', 'Natural na sakit na tlga yan sa mga bata chickenpox yanâ€¦ sabi nga nila kung dika dumadaan niyan dika naging bata hahaha once na nagkaroon kna niyan di na yan babalik sayo', 'Hello po. Question lang po. Paano po naging 27 ang Total case? 5 + 3 + 7 + 2 = 17', '  - English \n\nHALLELUYAH!\n\nAnd saying, â€œThe time is fulfilled, and the Kingdom of ELOHIM (God) is at hand. Repent, and believe in the gospel.""\n(Mark 1:15)\n\nFor all have sinned and fall short of the glory of God,  being justified freely by His grace through the redemption that is in YESHUA HaMashiach    (Christ Jesus).\n(Romans 3:23-24)\n\nIn Him, we have redemption through His blood, the forgiveness of sins, according to the riches of His grace.\n(Ephesians 1:7)\n\nTherefore Abba YHWH also has highly exalted Him and given Him the Name which is above every name,  that at the name of YESHUA \n (Jesus) every knee should bow, of those in heaven, and of those on earth, and of those under the earth,  and that every tongue should confess that YESHUA HaMashiach (Jesus Christ) is LORD, to the glory of God the Father.\n(Philippians 2:9-11)\n\n\nRebbe Melech Yeshua HaMashiach the El HaAmitti and Chayyei Olam\n(Jesus Christ is the true God and eternal life). He said, â€œTell my people that I died on the âœï¸ of Calvary and rose again, so that everyone may walk in newness of life.â€', '  - labinglima daw po ung sa soccskargen if papakinggan nyo po si kuya ğŸ˜ğŸ˜ baka typo lang nila', 'Kawawa nmnğŸ˜¢ 3 yrs oldğŸ˜¢', 'pinag iinitan talaga mga taga mindanao halata naman', 'Lockdown na agad sa Mindanao. Hintayin pang kumalat sa buong Piliponas', 'Ito na ung sinasabi Ng mga propeta dahil sa kabastusan Ng mga taga Davao na ugali Ng poon nila na so dutae at Sara lustay ğŸ™', 'daming dugyot kasi diyan...ğŸ¤­', 'Ihi ra sa tiguang tambal ana', 'Just asking.. nganong mindanao man jud sa kadako sa Philippines. Naa diay international flights gikan sa mindanao???', '  - Asa man sad ug giunsa man sad pagkuha nila', '  - naa man gud sa mindanao ang mga Duterte maona diha kay para masira ang mindanaoğŸ˜‚', 'Ang tanong san galing pano nila nakuha?', 'Total 17 .tapos naibalita 27 sarap Luwaan hahağŸ˜‚', 'Baka gusto nyo umpisan nyo na ang vaccine. Ano na?', 'So ano walang vaccine?', 'wala na bang pera yung DOH ğŸ˜‚ may pag kakaperahan na naman', 'di yan totoo fake yan taga dito ko', 'Marami kasi foreigner or tourist galing abroad kaya nag pasa pasa na', 'Dami pa naman mukang monkey sa pinas...kakappitan agad tayo ng monkey fox', 'Lagot na....mahina pa naman  zng pangulo ng pilipinas', '  - hwag maniwala sa fake wlq nga new dito hay nku', 'Kahadlok', 'Normal mana nga sakit sa tao.  Dali rmn na tambalan twon oyy.', ""  - @@jeansonliray7900 unsa man tambal ana ma'am?"", 'Dati nagkaroon kami ng ganyan halos  lahat kami nagkaroon niyan ,di lang naman yan ngayon', '  - Chicken pox po ata yun', '  - \u200b@@kimgred5660 tama, pero feeling ko walang utak yang nag comment. Bot ata yan', '  - @@enchantking ğŸ˜… baka na miss interpret lang ata', 'Cge lagyan ng maraming ang  flavor ang balita para maraming maniwala,promote kayo naman kayo ng turok,ang tanong magkano?', 'In JESUS NAME HEAL US MONKEY POX', 'This compromise between paganism and Christianity resulted in the development of the ""man of sin"" foretold in prophecy as opposing and exalting himself above God. That gigantic system of false religion is a masterpiece of Satan\'s power,â€”a monument of his efforts to seat himself upon the throne to rule the earth according to his will. - GC88 50.1\n\n\nPhilippians 2:12 Work\xa0 out your own salvation with fear and trembling\xa0 Read the Great Controversy book by EGW', 'Its spread from homosexuals', 'may pera pa ba na natitira ang Philhealth  ?\nubos na yata  ,  wala ng pangbili ng bakuna..\nbahala na kayo sa inyong sarili..', 'Bakit 27? eh total 17 lang.', '  - clerical error..\n15 sa soccskargen..', 'Bwisit yan na naman tayu e balik na naman sa quarantine', ""  - Good for us di yan as contagious as COVID ..as long as you don't touch them or wag Kalang lumapit sa kanila... Then you'll be fine....\n\nWag Kang OA"", '  - And plus may vaccine naman yan... If ever like a small Pandemic nangyari... Then we can avail Vaccines...', ""  - I hope they aren't creating another fear-mongering campaign and pushing fake vaccines. We don't need lockdowns; we just need to take care of ourselves daily and boost our immune systems by eating healthily."", 'Luckdawn na lng Sana para Dina dumami lalo na sa may mga positive areas', 'ğŸ‰ğŸ‰ğŸ‰ğŸ‰ğŸ‰ğŸ‰ğŸ‰ğŸ‰ğŸ‰', 'Kakalat pa yan. Iba kasi hygiene dun eh.', '  - Ang linis mo naman , mahawa ka sana', '  - \u200b@@i4u231Truth hurts. Pero kailangan tanggapin ang katotohan.', '  - Malinis dito sa mindanao karamihan mga tao dito malilinis.. kumusta nman kan sa luzon, malilinis ba lahat??', 'hindi na yan ung bolutong na nag upgrade lang?', '  - bulutong pro max na daw yan', 'Matagal ng meron ganyan. Kahit ako nagkaroon niyan noong bata pa ako.', '  - Bat buhay ka pa? ğŸ˜‚ğŸ˜‚ğŸ˜‚', '  - iba yung chicen pox lol', '  - Measles lang Nadatnan mo wag Kang Pabida ..', '  - ou bat buhay kapa?', '  - @@mrscorp2011 iba po yan sya sis. sa mamaso at chicken fox', 'Solid Duterte parin ğŸ‘Š', '  - Hanggang sa impyerno solid. ğŸ˜†', '  - Socksargen ang napuruhan, hindi Davao', '  - \u200b@@saitoren4061 solid duterte ang mindanao diba?\nSama-sama kay0ng mag dusa dyan', 'Dumidilim na ang kalangitan', 'isara muna ang mindanao, pansamantala, wag muna papasukin ang mga taga mindanao sa luzon, pra dina dumami pa tulad sa covid, delikado kpg dto sa maynila yn dumami marami nnmn ang mahahawaan dhil over crowded dto, sana nmn makinig ang gobyerno parang awa nyo na, kesa nnmn bumalik tayo sa pandemic, kakabangon pa nga lng natin sa covid eh, Tas babalik nnmn tayo sa lock down, marami nnmn ang mawawalan ng kabuhayan', '  - ğŸ¤£ğŸ¤£ğŸ¤£ğŸ¤£', '  - Do you think your government cares? Look what they allowed to happen with Covid. People here are so gullible and believe anything the government tells them. They will RUSH to get in line to receive a vaccine that they know nothing about.', '  - may nahawaan na nga Isa sa Iloilo eh hahaha patawa kaba?', 'Same yan sa chicken pox, additional source of income ng doh yan pag import ng vaccine dyan', '  - Mas malala yan sa chickenpox', 'Kalokohan', 'ğŸ˜‚', 'ampangit ng sakit na yan, payag pa ako ma covid kesa dito.', 'Kagagawan yan ni BBM. My ng  sabi na sa Mindanao talaga nila plano ipakalat ang virus para di na manalo ang mga Duterte sa susunod na eleksyon lalo na pag na isip nila sara tumakbo pagka presidente. No more Mindanao back up votes anymore pag kukunti na lang ang tao sa Mindanao.', 'Mag require na nmn ng vaccine para sa lahat para n\nBilyon na naman makurakot', '  - Tatak duterte....sapilitan mag pa vaccine galing china.....', 'wag sanang mapunta sa luzon yan esp sa manila na crowded yare na pag ganun.', '  - Masyado kayong ek-ek natural na yan sa mga kabataan khit nmn ikaw dumaan niyan noh, wag lang maghalo ang chickenpox at tigdas mayayare ka tlga.', '  - Madam bago ka magcomment ng ekek magresearch ka muna. Mpox is different from chixkenpox. Magkaibang virus yan. Mas sever yang mpox. Kita nyo nmn sa picture eh. Wag po tayo nagmamarunong kasi di po kayo nakakatulong.  \u200b@@marieeugeniegimena', '  - \u200b@@marieeugeniegimena iba naman yong mpox sa chickenpox HAHAHA', '  - \u200b@@marieeugeniegimenaisa ka sa halimbawa na porket libre mag comment online, eh hindi lagi tama.', '  - \u200b@@marieeugeniegimena  kakatiktok mo yan e d mo alam pinagkaiba ng mpox sa chickenpox XD', 'panay muna kc mga leader jan sa Davao', 'so paano sia nakukuha...wl nmn mpox sa pinas', '  - panong wala? eh may 27 na nga sa mindanao', 'Mag hihigpit na nanaman yan kung kailan nakapasok na dto sa pilipinas', '  - Oo style yan, para mag emergency funds at kurakutin nila gaya nung pandemic.', '  - ğŸ˜®\u200b@@crescent3107', '  - \u200b@@crescent3107 kung kay DU30 malayo sa kurakot kaya nga nauso ang ayuda at nalibre din tayo sa vaccine galing Tsina dahil d din agad naghigpit si DU30, wala din tayo sa top country na madaming kaso dahil sa bawal lumabas na pinatupad nya.', '  - ikaw alam mo ba kung kailan makakapasok ang sakit na yan dto sa pinas ?', '  - \u200b@@crescent3107duh kahit nga ngayon na walang pandemic  pinaka talamak ang korapsyon mas malala pa at walang major projects.jusko.ğŸ˜‚ğŸ˜‚ğŸ˜‚ğŸ˜‚', 'Dapat gawan na Ng paraan Yan Ng goberment para Hindi na dumami tigilan muna Yan laban SA politica dilikado Pala Yan ...', 'Double ingat lng talaga', 'Dapat talaga ihiwalay na yung Mindanao sa Luzon at Visayas ğŸ¤£', '  - dpt lang ihiwlay kc panget mga lahi nio..', '  - Dapat talaga.', '  - \u200b@@DRealslick-G civil war kay0 dyan panigurado ğŸ˜‚ğŸ˜‚ğŸ˜‚', '  - Kung pwede nga lang sana. Hinahatian pa ng pondo yan galing sa mga taxpayers ng MM, wala naman nagagawang mabuti sa bansa, nakakasama pa nga.', '  - Pwede din alis Ka sa Pinas HAHAHA', 'Bakit magka mfox Wala naman nakatrvel history sa Africa,pano nangyari..nasa liblib na barangay namn sila nkatira.', '  - ""mfox""?!', 'Tamaan sana lahat ng 8080ng dds ğŸ˜…ğŸ˜…ğŸ˜…', '  - Panu kung back to you', '  - Sayo lng at ng pamilya mo!', '  - mauna ka na sana,, masama poh maghangad ng ikapapahamak ng iba,, kaya ikaw hinangad mo,  mauna ka sana,, kaht di pa yan mga fanatico sa mga pulitiko nyo,,,wag mong hilingin...', '  - \u200b@@ArleneRampolanaglabasan mga 8080ng dds.. hahahah iboycott nio monkeyfox jan kayo magaling ğŸ˜…ğŸ˜…ğŸ˜…', '  - \u200b@@jackieoyster9272iyak malala mga dds, triggered.. hahhaha iboycott nio monkeyfox, jan kayo magaling dba ?! ğŸ˜…ğŸ˜…ğŸ˜…', 'Thats 17 0:19  panp naging 27. Thats basic math.', '  - @@alexisbadino9940 typo error. pakinggan mo ulit, sabi 15 sa SOCCSKARGEN', '  - Thats \'pano\' pano naging ""panp"". Thats basic typing', '  - @@untiecries9174 ğŸ˜‚ğŸ˜‚', '  - ğŸ˜‚ğŸ˜‚ğŸ˜‚ğŸ˜‚ğŸ˜‚', 'Bulutong lang yan sabi ng DOH ğŸ˜‚ğŸ˜‚ğŸ˜‚ kaya wala silang action about dyan.ğŸ˜‚ğŸ˜‚ğŸ˜‚', 'Wala gamot yan kusang nawawala nalang yan tubig tubig kungsa bisaya hangga sa \nTagalog bulotong trangkaso lang kalaban niyan ilang araw lang putokan nayan.', 'Mfa DDS ang tinamaan parusa ng DIYOS sa mga kultong DDS yan mpox!', 'mga unhealthy kasi sila', 'Pagsure sa labing lima unya lima raman naka butangğŸ˜…', 'Kawawa yung hindi pa dinadaan nito. ğŸ˜‚', '  - Magkaiba ang Chicken Pox sa Monkey Pox (Mpox)\n\nMpox galing Africa Yan', 'Gcq is back?', 'Facemask is back.', '0:26 Sobra naman ng 10 ang total nyo @UNTV. Ayusin nyo ng bilang, mgpapanic ang madla nang dahil sa inyo ..\n17 lang ang tally o 0:26', '  - Pansin mo rin hahaha', '  - Nagadd din ako pano narrating yun 27', '  - @@christopherkennethtan1742haha kaya nga. the math is not mathing ğŸ˜‚', 'Dadami talaga yan kapag hinahayaan  lang', '  - Pano nakafocus ang admin na manatili sila sa pwesto ğŸ˜‚', '  - \u200b@@christopherkennethtan1742 Solid Duterte ang Mindanao diba?\nDun kayo ngayon sa po0n nyo pumunta ğŸ˜‚', '  - \u2060@@StealthG8tutal gusto nyo c bbm eh kalahi mo mga tamad ğŸ˜‚', '  - \u200b@@christopherkennethtan1742mag bigay ka nga na patunay na tamad kung sino man yang sinasabi mo', 'Dami kasing dumadaan sa Mindanao kaya anong labas pasok sa backdoor ng Mindanao ğŸ˜‚ğŸ˜‚ğŸ˜¢', '  - Bakit dati low covid rate ang mindanao?? kung ito ay dinadaanan lang ng taga ibang bansa', '  - Ingat2 ka sa pinagsasabi mo boy maraming tao dyan sa NCR', '  - oo daanan nila yan lalo na yung mga chinese protektado ba naman ni dutae hahaha Alice Leal Guo hahaha  the girl who pretending to be a Filipino hahaha.', '  - Sabah to Mindanao maraming mga wlaang papeles pumapamasok', '  - Dami mong alam boy nag news caster kna sana', 'Dapat magawa ng  ating pamahalaan ng agararang pkontrol upang hwag ng kumalat pa at baka lumala pa.', '  - Wala tayo maaasahan sa pamahalaan , bka sagutin nila fake news yan ğŸ˜‚', '  - Eww Mindanao dapat eh lock down na hindi kasi palaging naliligo ang taga Mindanao ang dumi', ""  - You didn't learn anything from Covid did you?"", 'May gamot dyan maglaga ng dahon ng bayabas at pahira ng langis pagkatapos maligo', '  - Womp womp ğŸ¤¦', '  - Mas may mabisa pa dyan.. tawagin nyo si Ed Caluag baka nakulam kayo ', '  - 2025 na', '  - @@ghosthunter8888 hindi yun tuli boss hahaha', '  - Ano nman na katotohanan yan? 2025 na', 'Dpat i-isolate ang mayron mfox pra di magkahawa hawa', '  - Anong ""mfox"" ?!', 'Ano ang ginawa ng DOH?', '  - chilling', '  - Wala , sitting pretty ğŸ˜‚', 'chicken pox lang yan, pinapalaki niyo lang ang issue', '  - Iba yan monkey pox talaga yan\n\nMagkaib ang chicken lox kais maliliit lmg ang bukol bukol\n\nSa monkey pox malalaki talaga kaya nakakadiri tignan', '  - Magkaiba ang mpox sa chicken pox.. Lahat nagka chicken pox di ligtas sa mpox mahahawa pa rin.', '  - Manood Ka Kasi ng balita Di puro selpon lng', '""Gawin niyo sa Mindanao""', 'At least nakikita Yung sakit na mpox,kysa sa cubid 19 na Wala tlaga ginawang negusyoğŸ˜‚', '  - My cubid 19 ba? Di ko alam yan ah', '  - Ano po iyang ""cubid 19"" anong koneksyon niya sa covid-19?', 'Delikdo pala yn pag s bandang pwetan tinamaan ng mpox di mkkaupo', 'Parang malala toh Kaysa Yong dati', '  - New variant', 'Baka naligo sa baha?', 'Bagong Pilipinas???DOH???,bakit???paano/papano  naka pasok itong mpox???!!!', '  - Dami kasing mga illegal na Chinese labas pasok diyan s lugar nila.tapos binoto pa nila ung Member ng Triad na pro China billang Mayor Nila.i guess karma yan.', '  - Sagot Nila fake news yarn', '  - isisi mo nanaman sa presidente HAHAHA', '  - Tanong mo din kung paano nakapasok ang Corana Virus nong 2019. HAHAHAHA', 'KAKAUNTI LANG YAN, POSSIBLE YAN GALING SA COVID VACCINE..', '(Mindanao!)Ganti ba ito sa pagkatalo ng ???..., pasinsiya na kung negative ang nasa isip ko ah... batobatosalangittamaanhuwagmagalit!!!aâœŒğŸ½', '  - Pa mental kana', '  - Mas malala sakit neto kesa sa mpox ğŸ˜‚', '  - Pa check ka muna sa psychiatrist ha', '  - \u200b@@justicemalipayon7555ma una ka muna.ğŸ˜ğŸ˜ğŸ˜', '  - Mema. ğŸ˜‚ğŸ˜‚ğŸ˜‚', 'Isolated', 'Monkey Style Pox', '  - Bulutong tubig (mpox)ğŸ˜…ğŸ˜…ğŸ˜…', 'Anu nanaman kaya toh, galing nanaman bng china ang virus na yan? Pero as usual, kung dds, e kaalyansa ng tsina, sige lng wag tayonh magising, tinututa na, ginagalis aso pa,ğŸ˜…ğŸ˜‚', 'Mina obra na nman ng US ang sub Saharan Mindanao', 'Nag iiwan ba yan ng scars pag gumaling?', '  - Craters kasing laki ng pigsa.', '  - \u200b@@Dracarys11-t3t grabe malas naman tatamaan niyan tadtad ng peklat . makati ba yan?', '  - \u200b\u200b@@Dracarys11-t3t Mas worse pala kaysa chicken pox yan.', '  - Kung mas matanda, mas prominent ang scars kapag gunaling', '  - \u200bKaya nga anlalaki pa naman \u200b@@KillberZomL4D42494']"
17,cX81HsBYPYM,2025-06-03T11:30:37Z,Health Talk: Mpox cases in PH on the rise | ANC,"['Vaccine please', 'Bulutong lang yan', '  - Little knowledge is dangerous', '  - Ate, seriosohin po Natin ito. Naliligo na nga ako thrice a day po']"
18,dd8Zctue8Og,2025-03-24T07:49:12Z,Mpox Monkeypox A Comprehensive Overview | Monkeypox Virus Explained | How Does Monkeypox Spread?,[]
19,zy-7GNzCODg,2025-06-01T18:42:24Z,Online Sensitization of Healthcare Workers on Mpox,['Great']
20,mXvQK2OYu24,2025-06-02T12:01:20Z,"NCR, may pinakamaraming kaso ng mpox ayon sa DOH; community quarantine hindi kinakailangan","['Mas katakutan ngaun ay ang HIV na puro mga kabataan ang nadadapuan', 'Ligo lang agad sa dagat ma ilis gumaling', 'hindi ko alam bat sinabi nya na hindi nakakamatay ang mpox pero may data namatay sa mpox.. sabi nya may gamot sa mpox pero sabi ng WHO walang gamot sa mpox kundi pang assist lang na gamot', 'Ayan dumadami na.', 'Lala nyo sa ibang bansa lang yan ginamit. Nyo pa yung ibang country. lol', 'The DOH shouldn\'t just be performing ""fear-mongering"", but instead, make some analysis... And know the probable causes of this ""new"" sickness. Should it be feared? If it\'s from natural causes, of course not. If from a strengthened virus and thereby created from a lab, so, those with weakened immune systems should truly fear it', 'Please check the correlation between rate of vaccination and the incidence of mpox --among highly vaccinated countries, and within the Philippines --highly vaccinated localities, thank you', 'me vaccine naba ang Pinas?', '  - wala pang gamot jan', '  - @Starkaraoke-gp3fh iba ang vaccine iba ang gamot.', 'Tag init kasi', 'usually lgbt ang tinatamaan dahil sa kalandian karamihan ay male to be precise someone who does m2m ayon sa datos nuong 2022-2023', 'Dapat maglockdown pa rin. Para work from home uli hehe', '  - Wag kang kumabas', '  - tama hindi sa work form home', '  - Ok ang maglockdown para wla ka na rin trabahoğŸ˜‚ğŸ˜‚ğŸ˜‚']"
21,Mwk0vfIdZiw,2025-06-17T20:32:47Z,Mpox (monkey pox)| Symptoms &amp; Prevention | public health research tips,[]
22,BQjNCRDHHHs,2025-07-11T18:36:08Z,2 People have died from monkey pox disease,"['Thuon wachğŸ‰', 'Thuon wachğŸ‰', 'Thuon wachğŸ‰', 'Doctor plz help us', 'Magonjwa ya ajaabu!!!', 'Uwongoooo', '  - Shut up fool....mpox is there fool. Shida ya wajinga kama wewe mnaonÃ  tu ujinga', 'Scamdemic all over again']"
23,_cGDODJ-kMs,2025-06-02T11:20:10Z,Face mask hindi epektibo laban sa Mpox - DOH | June 2,[]
24,T62m6czI9y4,2025-03-02T15:11:27Z,MPOX 24/10/24,[]
25,jxIEXAGVQ7w,2025-06-02T02:23:19Z,"Bilang ng mga tinamaan ng Mpox sa bansa, ipinaliwanag ng DOH | Ted Failon &amp; DJ Chacha",['Dapat mag volunteer sa center ng barangay n ipaalam kung meron halimbawa s isang pamilya para mas maagapan ang pag laganap at mabigyan ng maagap n lunas']
26,AOf8jMrnakk,2025-07-13T01:56:53Z,"What are the early signs of MPOX, and how can you protect yourself from it?",[]
27,IQEMWKjJALQ,2025-05-30T12:24:00Z,MAS DADAPUAN KA NG MPOX (MONKEYPOX) KUNG GANITO ANG GINAGAWA MO,"['Maligo 2 beses  at magsabon g maraming beses at palaging malinis at maghugS ng  kamay', 'Hahaha may characters na.', 'Thanks sa information doc', 'Natawa ko as pa girl ka doc ğŸ¤£ğŸ¤£ğŸ¤£', 'Nag upgrade kn tlaga Doc nkkwala k Ng stress', 'Thank you Doc.ğŸ‘', 'aahahaha naaaliw po ako sa inyo doc.aahahah', 'Totoo ba ang BeeVenum n ikaw ang nagsasabi n mganda', 'ğŸ˜…ğŸ˜‚ğŸ˜‚natawa ako doon sa naka bistida.nakahawak sa breast habang nagpupunas', 'Korel wet wifes ang gamit  ko', 'ğŸ˜‚ğŸ˜‚ğŸ˜‚ sobrang tawa KO sayo doc ang galing Ng actingan mo', 'Yang dede mo doc kita nağŸ¤£ğŸ¤£', 'Thank you always, doc Alvin. God blessâ¤', 'Thank you po Doc Alvin sa advise God bless poâ¤', 'Nadagdagan ba ang subs mo doc dahil sa magic kamison?ğŸ˜…ğŸ˜…ğŸ˜…ğŸ˜…ğŸ˜…ğŸ˜…ğŸ˜…', 'Sexy nmn ni doc ğŸ˜', 'Hi po doc ang ganda mo maging GirlğŸ˜Š thanks Doc. Alvin for the info.', 'Ganda ni doc ğŸ˜‚', 'Doc kinarer mo na yang pag papanggap mong girly hağŸ˜‚ğŸ˜‚â¤â¤â¤â¤â¤ğŸ‘ğŸ‘ğŸ‘ğŸ‘', 'ğŸ˜‚ğŸ˜‚ğŸ˜‚di ako nkapagfocus docğŸ˜‚ğŸ˜‚ğŸ˜‚ san mo nkuha ang duster n putiğŸ˜‚ğŸ˜‚', 'Tnx for the info...natawa ako sa acting mo doc,pretty ka pala pag naging girl kayo ğŸ˜‚ğŸ˜‚ğŸ˜‚â¤â¤', 'Totoo ba tong acting na nakita doc?? ğŸ¤£ğŸ˜‚ğŸ¤£ğŸ˜‚ğŸ¤£ğŸ˜‚ğŸ¤£ğŸ˜‚', 'Dok salamat po', 'Baka Makita Ang cleavage ğŸ˜‚', 'Okay din gumamit ng vacuum basta maganda po ang filter', 'Thank you po Doc..haha nakakatuwa ung pagsusuot ng dress haha sexy dressâ¤â¤â¤', 'White dress from Bench', '  - Nice dress doc AlvsğŸ˜‚', '  - HahağŸ˜‚', 'Sobrang monyeka', 'Press like kung wala kana ginawang tama', 'Sa mga nagtatanong kung ano yung ""pak-pak"", tunog po yun ng labing labing', '  - Doc Alvin âœ¨ï¸ang ganda naman ng Model nyo kabog ğŸ‘ğŸ‘ğŸ˜ğŸ¥°ğŸ¤©ğŸ˜Nice Good Vibes lang po âœŒï¸ğŸ¤©ğŸ¥°ğŸ˜ğŸ‡¯ğŸ‡µğŸ‡µğŸ‡­', '  - Noted doc AlvsğŸ˜‚', '  - Mabuti p c Doc me clevageğŸ˜‚.\nSamantalang ako tunay n babae pro flat tlgağŸ˜‚', '  - @docalvin ang cute nyo po dito sa video nyoğŸ˜‚ğŸ˜‚', 'Salamat po Doc Alvin..ğŸ™ğŸ»ğŸ’š', 'Sexy mo dyn doc heheğŸ˜‚', 'Thanks for sharing Dok', 'Tank build ka doc', 'ğŸ˜…', 'Thank you Doc Alvin ğŸ‘']"
28,FKCMV-UmgqY,2025-05-31T07:00:13Z,DOH nilinaw na walang pangangailangang magkaroon ng lockdown vs. Mpox,"['May pang dagdag naman ng kita.. marami na daw kaso o nagka positive ng Mpox.. pero di naman pinapakita ang actual nating pinoy kung may butlig butlig ba talaga sa katawan gaya sa africa... ayan na naman tayoğŸ˜…ğŸ˜…ğŸ˜…', 'Yes po normal na sakit na po yan dikada na nakalipas \nHinde na kailanganna mag maglockdown \nPara mas lalo mahihirapan ang lahat ng boung mundo', 'Ganyn din naman dati nung covid. Hanggat wala pa daw naitatalang may kaso na covid sa bansa natin di muna maglalockdown. E ano nangyari??? Ayon daming namatay', 'Gods healing to all who is affected in Jesus name ğŸ™', 'Lockdown right now is just unnecessary. Lockdown are expensive, economically a burden, will cause classes to be delayed, people to lose their job, businesses will close,  will further increase inflation which means magmamahal ang mga bilihin, magkakaubusan ng pagkain, bigas, face mask, etc. Mas maraming mamamatay sa sakit dala ng gutom at kahirapan dahil sa lockdown kumpara sa Mpox.', 'Sus..Dapat duon sa area na merun nyan..yun ang ilock down..Baka makapabas pa', 'Nananakot and mga may tindahan"" ng facemask"" O"" mga nagtitinda ng face mask para bumili ang mga tao"",.ğŸ˜‚', 'Yan nanaman pera pera na naman', 'Pera pera na naman yan katulad sa covid pinagkaperahan niyo galing sa Philhealth', 'Nandyan na naman tayo relax na naman doh tapos pag nagkalat at marami na nagkasakit sabay lockdown.', 'Tama na pang iistapa nio BBm barilin mo.nga yan haha', 'Buti na lang nagmx3 ako araw araw.  I feel healthy n protected', '  - di mo sureğŸ˜‚', 'Di ko na kaya maglockdown. Wala akong ipon. Kung anong sahod ko isang araw yun na yun. Mag si scucide talaga ako kasi wala rin akong malalapitan na pamilya.', '  - Aw', 'Cge i locked down para ma ongkat ung problema ni doh doque may kasalanan pa yan sa nakaraan lock down pandemic!!!!', 'D naman yan COVID eh na d makikita na sakit eh Ang mpox naman ay makikita kaya kung may makitang may mpox Yan madali lang Yan Makita d tulad COVID d Makita kaya may lockdown eh mpox walang kailangan lockdown dahil madaling makilala kung may mpox dahil makikita Ang mpox eh Ang COVID naman d makikita Yan Ang kaibahan okğŸ˜ŠğŸ˜ŠğŸ‘', 'buloting tubig yan eh..ğŸ˜‚ğŸ˜‚ğŸ˜‚ dba kau nkranas nyan? halos balutin ngs buong katwan mo nya sabay lagnatin k pa ng tudo, kpg mtnda kna Tamaan, sbi delikado dhl maari kang matay, kya mgnda bata kpa tamaan nyan', '  - Tama k jn bulotong TUBIG Yan ,,normal lng nmn n mgkr0n Ng bulutong tubg', 'Tama yan dapat ang tutukan bang nakaka taas ung hindi kayla ngan kumalat ung putek na mpox nayan un', 'Praise YAH ğŸ’–', 'Mga haka haka lang ynğŸ˜…ğŸ˜…', 'SA MGA DUTAE LNG GINAWA YAN DAHIL PINAGKAPERAHAN NILA AT KAKAMPI NILA ANG CHINA...', 'Tama po di totoo Yan n box Pentel pen lang nilagay sa likod', '  - Magkaisa tyu na Tama ng panloloko para pirahan ang taong byan', 'Cge lng hnd payag c digong n wlng lock down 3 years lock down KY digong 3 years din KY bbm para tabla ung laban ğŸ˜…ğŸ˜…ğŸ˜…ğŸ˜…', 'Hindi naman airborne yung mpox. Wag ka lang didikit sa meron nyan. Doble ingat nalang pag nagcocommute at maligo pagdating ng bahay', 'ğŸ˜‚ğŸ˜‚ğŸ˜‚ Masaya naman mga pulitiko', 'Kailangan pa kasi maging marami para mag lockdownğŸ˜‚ğŸ˜‚ğŸ˜‚', '  - KorekğŸ˜…ğŸ˜…ğŸ˜…', '  - pag sinabi nio po sa frontliners yan tatawa lang to mga guwardiya natin ipabalik sa dati old timers 2020 to 2019 hehe nakakatuwa galing din naisip niyan mapalanlinlang po sa nang iistorbo sa social media sites nio dati ako din po galing natin guys parang dios natin bawal hawakan oo nga po sundin natin atin dios banal yun tama nga po ko hehehe  ğŸ¤£ğŸ¤£ğŸ¤£ğŸ¤£ğŸ˜‰', 'Ang tanong kaya bah ng admin ngayun eh..laki ng utang pinas', '  - mahiya ka sino ba maraming utang hindi ba c digong yung umutaang ng trillion tpos binents pa yung reserve na gold wala pala tong alam', 'MPOX TSIKWA VIRUSğŸ˜‚ğŸ˜‚ğŸ˜‚ğŸ˜‚', ""Just do the same thing facemask and social distancing ğŸ˜‚ if get it then just of it as influenza that's all."", 'Maglock down kayo pro may ayuda tulad noon kay PRRD.', 'Honest question po my vaccine po ba sa mpox or atibiotic na makakalunas pagnagkaroon. Mortality rate death toll count na naitaya. Clarification po lamang.', 'Kung kay duterte yan lockdown dahil pinag kakaperahan nila ang lockdown,,ğŸ˜‚ğŸ˜‚ğŸ˜‚', '  - Ay syempre buhay nkataya dyan.. ikaw kaya matamaan nyan..', '  - \u200b@@justicemalipayon7555buhay na buhay kamo bulsa nila Diggy niyan pag lockdown. ğŸ¤£ğŸ¤£ğŸ¤£', '  - Tama ka haup talga na dutae yan.china kasi sya', '  - \u200b@marcomoran8718sana mahawaan ka nang magising kağŸ˜‚ğŸ˜‚ğŸ˜‚ğŸ˜‚', 'Paparamihin muna nila yung kaso para kumota sila para dagdag kitağŸ‘Œ', '  - So gusto mo mag lockdown na?', 'Pera na nman pag natuloy', '  - True k jn,,,', '  - Wg nmAng gnyn sana n 1:10 o0n wl mga Yan ei,,Inuso n nga ung pandemic n COVID at mgkapera', 'DOH kurakot hahahah... Kayo kayo ang gumagamit ng pera ng tao na kinukuha nyo sa mga pinagtrabahuhan nila', 'MGA VLOGGER NI DUDIRTY PURO FAKENEWS PINOPOST LOCKDOWN NAKA POST', 'Paano ba nagkaroon ng mpox ang pilipinas eh sa Africa ata galing yan', 'So walang lockdown,,paano ung mga ofw na uuwi ng pinas Wala ding quarantine', 'Wala nman sila paki alam ang government na mga yan!!!! Pati nga phil health. Kinuha pa ang pera!!! Kakawa lang ang mha Filipinos ngayon!!! Yan si Marcos, iwan ko lang kong may paki yan!!!!', 'Tnk u po wg tyo basta mniwala kc nloko n tyo nun chenes n nman ang bulahan jn s face mask Mukha clng balbal', 'Hahaha ğŸ˜…']"
29,TOJiDjLFN1U,2025-05-28T16:01:35Z,"Isang kaso ng monkeypox o mpox, naitala sa Iloilo City | Saksi","['I choose the Marcoses minus Imee anytime. PBBM and I are of the same age their family never got involved in anything unlawful.', 'Vaccine again ha ha', 'Chiken fox lang yan..', ""Kayang kaya gawaan ng paraan ni bbm yan kahit mag spread pa Yan Dito sa pinas. Maganda kaya gobtlyeno nation Ngayon.ğŸ˜‚ğŸ˜‚ğŸ˜‚ It's a jokeğŸ˜‚ğŸ˜‚"", 'Pinapasok ng Duterte yan galing China para sirain ang gobyerno ng marcos. Mura na ang gas at bilihin bagay na di nagawa ng duterte kaya sisirain nila. Walang paki sa tao.', 'yikes', 'mas maganda kung pagpapatayin na yung mga may sakit na ganyan para di na kumalat.', '  - oo nga no? Pero sana mauna magkaroon ang nanay mo tas sunod ka na para ganyan gagawin sa inyo ğŸ˜Š', '  - ? suntukan? sa makatingym nalang  ngaying 4:30 pm no? \n\u200b@@erj3063', ""  - It's pure evil"", '  - kim jong un style', '  - duterte legacy', 'Sana all', 'Pera nanaman sabe ng mga corrupt', 'Stay safe', 'Lock down na ahh', 'Sana all...', '  - solohin mo nalang', '2025 Po bayan', '  - alangan namang 2021 syempre 2025', 'As of now this is my research\nRegion\t               Number of Cases\nMetro Manila\t33\nCalabarzon\t       13\nCentral Luzon\t3\nCagayan Valley\t2\nCentral Visayas\t1', 'Kelan kau magququarantine pag meron ng lahat', '  - sana all', 'Quarantine nyo n mindanao para d kumalat', '  - Quarantine mo bunganga mo', '  - sana all', 'Totoo ba na may mpox cases na rin sa cebuâ“ï¸â“ï¸â“ï¸â“ï¸', '  - as of now there are no confirmed cases in Cebu', '  - sana all may monkey pox', '  - Yes', 'ohhhh chiiiitt ğŸ˜±']"
30,4HQYknotY-4,2025-05-02T15:08:25Z,How to prevent the spread of Mpox,[]
31,Z0cupK1rIso,2025-06-04T04:05:24Z,Bakit &#39;di sapat na proteksyon ang face masks vs mpox? | June 3,"['Wag sana magkalat ng false info about mpox, kwawa nman mga tao na walang kaalam alam kundi nakasalalay lamang sa mga news about mpox. Salamat ABSCBN at sa DOH. Be responsible! â¤', 'Nakakatakot ang mpox.']"
32,cIWzS9BbZ14,2025-06-06T06:40:02Z,"Tatlong menor de edad sa Nueva Ecija, nagpositibo sa mpox | One Balita Pilipinas","['parehas naman yung chicken pox at yan monkey pox parehas ang sintomas niyan', 'Tangina WHO Yan palalain pa pra magkapera', 'Paano pag chicken pox lang ano kaibahan nyan sa mpox kaloka kayo', 'Kong nakakamay tay manyan.hinde dapat katakotan Yan konde penag hahandaan.dame nio alam.', 'bulutong lang yan', 'Grabe sistema ang tagal bago makuha ang result ayy naku mas lalo kakalat talaga kapag ganyan ang sitwasyon..good luck nalang', 'Mga hiv positive siguro ito mga ito', 'Dapat may bakuna na para hinde maka hawa ano uong kamokha ng sa covid ano', 'Parang COVID lng Yan Magkaroon ka lng ng sipon... Positive kna sa covidğŸ˜…', 'Amen', 'March and April pa nakita ang mga infected, bakit napaka late ang alert info. Ka bagal talaga mag work ang mga government employees dyan. Kaya malala na bago mag Salita...jusko buhay ng tao ang nakataya dyan magtrabaho naman kayo ng maayos...maawa kayo sa mga citizensğŸ˜®ğŸ˜¢ tong taong iniinterview mukhang di organize ang mga info. Nya', 'Bulutong po Yan pinalala nio lang sosyal bağŸ˜ ğŸ˜¡ hay naku!!!  naghahanap tlga kau Ng problema samundo wala na nga pag asenso ang pilipinas!!! Lalo babagsak ang pilipinas!!! Bulutong wag mag papahangin para d dumami mag pausok Sa Bahay haissstt', 'Ingat po tayo', 'Fake news', 'Eazyque nanaman ba tayo', 'e2 un chamba', 'Sa mga nag sasabi na ang bulutong at MPOX ay iisa, unfortunately hindi, magkaibang Virus yan,. Tingin galing sa bansang ano to ( alam nyo na )', 'Ano yan pakawalang virus n nman ng kung sino? Wala namang travel history ung mga patients.', 'Bulutong tubig lang po yan ganyan po pag lumalabas lahat mga yung pamangkin ko noon ganyan puro lang peklat ang naiwan', '  - ikaw na ang magaling idol. lol.', 'Bulutong lng yan, tinawag nyo lng mpox, tinatakot nyo lng ang mga tao.', '  - tama po para makakuha ng pera o pondo', ""Omg You don't know if it's Npox?? and you also don't know because they are the only ones in the family who have cases of Npox?? What kind of doctors are you, can you just report something?? It's just simple chickenpox To Npox?? That's why many patients die here in the Philippines because you are all  doctors unsure??  unbelievable ğŸ˜‚ğŸ˜‚"", 'Simpleng bulotong.. mpox na agad, parang covid dati, kung may lagnat covid na agad ğŸ˜‚ğŸ˜‚', 'MPOX TOOğŸ‰', 'Lol bulutong lang yan mpox mpox kayo ğŸ˜‚ğŸ˜‚ uso bulutong pag mainit panahon', 'Prang kamukha ni Micahel V.', 'Ayan nnman tayo lolokohin nyo nnman mga tao..Ako nga walang bakuna sa COVID n Yan  anyare wla', 'Dapat priority pag ganyang cases para magamot agad', 'pinakalat yan ng china na naman', 'Kalokohan baka bulutong yan yan..MPOX agad..', 'Natural lang sa paglaki po Yan', '  - oo kawawa ung magkakaron ng chixken pox mapagkamalan mpox', ',, san ba manggagaling mga virus na yan.... imagine from LUZON to Mindanao agad,,  even walang TRAVEL history... meaning me nagpapakalat nyan.......\n  https://www.youtube.com/watch?v=THbjlRquXTc', 'Mahirap magkabulutong ngayon, mpox agadğŸ˜‚', '  - Correct  pag umubo  chinese virus na', 'Malamang nag sex eb mga iyan with fellow teenagers na carrier ng mpox.', 'mpox? baka naman chickenpox lang mga bata yan eh. pinupulitika lang para matakot mga tao', 'Naubos na ba ang budget nung nakaraan eleksyon. ğŸ˜‚', 'divert of atensyon ba to?.. 2022 or 2023 hindi na pinansin ng tao yan hindi kumalat. Pati mga new strain ng covid di na natakot ang tao..Nag focus mga tao sa work at ayaw na ng Lockdown. ğŸ™ğŸ™ğŸ™ğŸ˜  Lord protect us. ingat at pray mga kababayans ğŸ™', 'Matagal n sakit yn mpox kuno, natural lng n sakit yan sa skin ntin yan,,,', '  - True matagal nyan nagkaroo  mga pamangkin ko noon derma lng katapat..sabi p nmin noon galis aso lngğŸ˜…', 'May hiv din sila?', '  - not necessarily. pero baka si patient zero malay natin. galing ibang bansa tong mpox, i think.', '  - \u200b@@mnm2156 The mpox report from davao were contracted from orgy . They were diagnosed with hiv and mpox', 'ğŸ˜¥ğŸ˜¥ğŸ˜¥', 'MPOX ba talaga o bulutong lang kulang sa sanitation yung lugar siguro.', '  - Hindi nga daw chicken pox diba? Atsaka may pang test kung kung positive or negative', '  - \u200b@@michaelpacunana-ib8bzganoon ba sana hindi na kumalat pa lalo na ngayun tag ulan na mas marami sakuna lumalabas kaya dapat ayos ang kalinisan ng kapaligiran.', 'Patay b?', 'Nku mga sinungalin yn mga yn d nmn nila tinutukan at wla nmn kontak..\n\nYn nauutal sya pagssalita d at paano nahawa..\n\nKasalahulaan yn at dugyot s pinas at mgat tao jn..\n\nDugyot a pinas maglinis kau s sarili at paligid nyo..\n\nMaging mlinis kau mga pinoy a basurahan..\n\nKalinisan a sagot jn..\n\nSobrang dami tao jn at anak ng anak kc tpos mga salahula nmn.', 'Sana magka mpox sa taguig sobrang daming labas ng labas dito tangina', 'Dahil yan cguro sa sobrang init ng pnhon, baka kulang sa kalinisan sa katawan yun 3 ngka MPOX.', 'Baka bulutong tubig lng yan', '  - oo kawawa ung magkaron niyan mapagkamalan pa', 'Mas malakas yung IMPAK2...', 'Naku po, taga Nueva Ecija pa naman ako.', 'safeguard lng yanğŸ˜‚ğŸ˜‚ğŸ˜‚ğŸ˜‚', 'So ngayon ba may Mpox o dati pa? Bakit ngayon lang ito ibinabalita?', '  - dati pa meron sa ibang bansa. alamin nila kung sino si patient zero. meaning, sinong foreigner unang nakipag lams na.', 'Dr wong mabisa sa balat lagi ko yon sabon', 'BulÃ³tÃ³ng lang daw yan  masyado naman kayo', '  - malay nyo, ina-abuse pala.', 'ayan na naman', 'Jesus Christ is coming Mathews 24:1-31 act 3-19 rapture is coming', 'Kunting salsal lang yan', 'Bulutong yn', 'Bulutong tubig...ğŸ¤£ğŸ¤£ğŸ¤£ğŸ¤£', 'ğŸ˜·', 'Safe pa ba na mag back to school sa ganitong sitwasyon parang nkakatakot para sa mga kabataan dahil tabi tabi sila sa school.', '  - ğŸ˜± ğŸ˜± ğŸ˜± ğŸ˜± ğŸ˜± ğŸ˜± ğŸ˜± ğŸ˜± ğŸ˜± ğŸ˜± ğŸ˜± ğŸ˜± ğŸ˜± ğŸ˜± ğŸ˜± ğŸ˜± ğŸ˜± ğŸ˜± ğŸ˜± die in sind van sind sind hat die ğŸ‘’ die ğŸ˜‘ die ğŸ˜¢ die sind ğŸ˜‘ die ğŸ˜‘ sind sind halt den die sind ğŸ˜‘ die ğŸ˜…sind ğŸ˜¢ die den BG ğŸ˜¢ Ang daming memories ğŸ˜¢ ğŸ˜ ğŸ˜‘ ğŸ’” ğŸ˜• ğŸ˜” ğŸ˜¢ ğŸ˜', '  - Kaya nga dapat module nlng sana', 'Jusko libog Lang yan', '  - minors ung mga suspected cases at pdeng mahawa sa skin to skin contact.. gamitin utak.', '  - gagi hiv yun ğŸ˜‚ğŸ˜‚ğŸ˜‚ğŸ˜‚ğŸ˜‚', '  - Huwag po makisawsaw , halata naman na troll account ito . Report niyo na lang or i dislike . Kung di kaya eh di ipatawag na sa hacker para i doxxğŸ˜‚', '  - â¤ğŸ˜‚ğŸ‰â¤ğŸ˜‚ğŸ‰']"
33,Ce1HQimzzCg,2025-07-12T06:49:11Z,"Mombasa County records 98 Mpox cases, 2 deaths as national tally hits 226","['Individuals at higher risk of severe mpox illness include\xa0young children, pregnant women, and those with weakened immune systems.\xa0Additionally, men who have sex with men (MSM) mashoga are identified as']"
34,Cc2kVWzsYsM,2025-06-19T23:47:08Z,"Special Briefing on Mpox and other Health Emergencies || June 19, 2025",[]
35,DASfcdEQ8-4,2025-06-12T07:29:37Z,Why is it Important to View Mpox Through a One Health Lens,[]
36,lZjryx6bxWg,2025-05-20T18:07:21Z,Ghana Confirms Two Cases of Mpox in Accra | Sunday Breakfast,[]
37,XaxSulsfiuA,2025-07-03T20:44:48Z,"Special Briefing on Mpox &amp; other Health Emergencies || April 17, 2025",[]
38,Vz9l6M6P5Wk,2025-06-01T08:20:50Z,Sierra Leone seeks international help to curb Mpox Outbreak...#mpox #africa,[]
39,_3pu4CWu7ig,2025-07-11T18:36:28Z,"Mombasa records M-pox spike, 24 patients admitted at Utange Isolation Centre",[]
40,RovaJf5jhB4,2025-04-28T20:30:04Z,MPOX: TUDO sobre a doenÃ§a que estÃ¡ se espalhando no ParÃ¡,"['Mpox Ã© catapora?', 'Estou com algumas dessas lesÃµes na pele faz mais de dois anos, fica vermelho e depois cria cascÃ£o e sara. Preciso ir ao dermatologista com urgÃªncia ğŸ˜¢', 'PeraÃ­, entÃ£o mpox tambÃ©m Ã© transmitida por meio do sexo sem camisinha? Ã‰ isso?', 'Ja tem 2 anos que existem wssa doenÃ§as na Ãfrica.\nAgora cehgou no Brasil.', 'Resumindo: nao va no pelo', 'A maioria vai sair ilesa? Mas de 20 casos 2 pessoas vieram a Ã³bito , 10% Ã© muita coisa.', 'Caramba acabei de ver um cara que morreu disso, agora estou com medo viu.', 'So agora os cara fala isso ta des do comeÃ§o do ano']"
41,pEpxuVOgvlI,2025-05-19T14:55:10Z,GeoVax &amp; Domestic Sourcing of Mpox Vaccine,[]
42,Oum5IJrDMus,2025-05-31T10:40:21Z,"DOH, nilinaw na hindi magpapatupad ng lockdown dahil sa mpox | Frontline Weekend","['Im not expert but \n\nMpox most of the time its need skin to skin contact but but base on google it also possible to be transmitted to droplets \n\nEven google says mpox can be found on saliva although the transmission is low is it still possible get infected while talking to someone infected with the virus \n\nlow but not impossible \nwearing face mask is still a fact and not wrong at all its just too low thats why we consider its useless', 'Konti p yung case kaya wala p lockdown \nKonti p makukupit hahahah\nGaya ng covid kahit di covid positive sasabihin positive', 'Alam ng DOH na peke plandemic yan..yan yun aggreement nila ng WHO.', 'Hahahhh..wala daw.pinapadami pa nila kunwari yan.tapos saka magdeklara ng state of emergency. Kaya kailangan  ilock down.dun n nman ppasok ang bakuna , ID2020.', 'May mpox na, nagtrending naman uli si Covid... wala ring safety measures dito? sa Thailand dumarami na nag victims ng new surge ng Covid eh.', 'kong kay digong at doque yan lockdown agad yan ğŸ˜‚ğŸ˜‚ğŸ˜‚ğŸ˜‚ğŸ˜‚ğŸ˜‚ğŸ˜‚ğŸ˜‚ğŸ˜‚ğŸ˜‚ğŸ˜‚ğŸ˜‚ğŸ˜‚ğŸ˜‚', 'kong kay digong at doque yan lockdown agad yan ğŸ˜‚ğŸ˜‚ğŸ˜‚ğŸ˜‚ğŸ˜‚ğŸ˜‚ğŸ˜‚ğŸ˜‚ğŸ˜‚ğŸ˜‚ğŸ˜‚ğŸ˜‚ğŸ˜‚ğŸ˜‚', 'hihintayin pa nila dumami yan bago sila maglockdown', '  - Para makapera Sila', 'Haayz...Natutulog ba ang DOH regarding sa MPox Virus? Ipinagmalaki nyo pa ung data nung April na mas mataas compare ng May!! Ganyan na b ang DOH sa campaign nila?? At sinasvi lahat namatay sa HIV?? What d Heck!! WAG nyo icover up ang TOTOONG nagyayari!! Sa iBang BANSA alarming na pag may 5 affected!! Dto hinihintay siguro ng DOH na maging thousands Bago Sila kumilos!!', 'HINDI TALAGA SILA MAGLOLOCKDOWN KASI WALA NG BUFGET ANG PINAS ğŸ˜‚ğŸ˜‚ğŸ˜‚ğŸ˜‚ğŸ˜‚ HINDI NAGAMIT SA TAMA ANG BUDGET', '  - Kasi inubos na sa nakaraang plandemicğŸ˜‚ğŸ˜‚ğŸ˜‚', 'Kapag ganyan ang statement. Walang mangyayaring lockdown, Kabahan ka na.', 'Sa mga pumapangarap mag wfh jan wag na kayung umasa ğŸ˜‚ğŸ˜‚', 'Mag lockdown lang yan sila pag madami na nahawaan', 'Bbm will save us.', 'angdami niyong Alam bakit Hindi nalang mag lockdown hihintayin niyo pang lumala', 'Ayan na naman kayo tapos pag nagka-outbreak na saka lang kayo kikilos. Basta kami ng pamilya ko iiwas na sa inyo. ğŸ˜‚', '  - Pwede nmn ikaw lang mag lockdown sa Sarili mong Bahay, wag mang damay mga uto2xğŸ˜‚', '  - \u200b@@coco_talemYan din sinabi sa akin noon ng mga kumpare ko eh. Tapos nung nagka-covid sila hawa-hawa family nila, buti nalang naka-survive ang mga loko. Prevention is better than cure. ğŸ˜‚', 'ğŸ˜‚ğŸ˜‚ğŸ˜‚Pag malala na pla saka mag lockdown', '  - Pwede nmn ikaw lang mag lockdown sa Sarili mong Bahay, wag mang damay mga uto2xğŸ˜‚', 'Sana kayo na lang magka mpox', '  - Agree aq sna cla mg ka mpox', '  - Pwede nmn ikaw lang mag lockdown sa Sarili mong Bahay, wag mang damay mga uto2xğŸ˜‚', 'Sana kahit facemask advisory manlang DOH hintayin nyo pa dumami case bago kayo mag announce na mag facemask at mag isolate?', '  - nakikinig kaba o sa tsismis ka lang bumabase. Walang kwenta nga ang facemask, kasi skin to skin contact, ang kinakailangan bago ka mahawaan. kahit nka facemask ka, kung madikitan ka ng merong mpox, mahahawa ka prin. 8080!', '  - Alam mo na, makakautang na naman ang mga adik kapag nagpandemic na yan', '  - Non sense po ang face mask. Skin to skin contact ang transfer ng disease.', '  - uto uto spotted paturok ka ulit', '  - Haha.tama brod.\u200b@@richardalvarico5516', 'pauso na naman kayo ğŸ˜‚', 'Dito sa UK naka isolate ang patient na yan. Human to human contact. Deadly yang virus.', '  - Marami napo bang tinamaan dyan?', 'Mpox is deadly sa mga vulnerable. Human to human contact. Sexually transmitted at the beginning. Parang HPV virus. Nagsimula sa homsexual activities.', 'Ang OA para mg lockdown, dami gumagawa ng fakenews', 'DAMING ADIK SA PINAS \nREPUBLIC OF CHINAâœ”ï¸', '""I think I\'ve seen this film before and I didn\'t like the ending"".', 'MASYADO GINAGAGO FAKENEWS, MAYROON TAYO TRAINNING PANDEMICS,HUWAG MATATAKOT SA PAGBILI SOBRA DAMI FACEMASK SAAN NINYO GAMITIN NINJA KAYO,,HUWAG KAYO PANIC BUYING ITO ALISIN,OKEY KUNG DONATION IBIGAY FACEMASK,,,SOBRA SOBRA INIT PANAHON NATURAL MAYROON ILABAS SAA BALAT,, MAYROON KAYO KINAIN BAWAL SA PANAHON KAHIT MALAYO PROVINCE KUNG GAYA GAYA PAGKAIN WALA AKO MAGAWA DIYAN,,,MATUTO KAYO UMIINOM ANO VITAMINA C  KAHIT HINDI ARAW ARAW ITO, MAYROON TAO TALAGA MARAMI BUWAN UMIINOM VITAMINA C KAHIT PRUTAS AYAW KUMAIN KAHIT FREE AYAW GAMITIN KAYO IIWAS SA DIKITAN TAO,,,,,, MAYROON TALAGA PRUTAS AYAW KAININ KAHIT  AKO AYOKO ANG LEMON PRUTAS SASAKIT TIYAN DITO,,,KAYO IIWAS SOBRA DAMI TAO', '@@sangkayjanjandaily', 'Ok', 'Maghigpit na lang sa mga  bus at jeepney terminal, gayundin sea port at airport para di kumalat.', '  - Tapos pawis pa un naka skin to skin mo sa Jeep. ğŸ˜… Edi ma absorb din nang skin mo pawis nya. ğŸ˜…', 'I know what kind of ""man"" you are.']"
43,xJeqy55L2Xs,2025-03-14T20:45:03Z,O que vocÃª precisa saber sobre o VÃRUS MPOX no BRASIL,"['Os primeiros casos casos surgiram em Saunas Gay ne Espanha. No momento los mais infectados sao os Homossexuais.', 'JÃ¡ tem algumas pessoas contaminadas em ManausğŸ˜”', 'Ser humano acredita mesmo na TV igual o gado no pasto. Isso vem da comida e Ã¡gua envenenada porra! Sempre esses lixos da midia botÃ£o a culpa nos animais! Lixos...', 'Deveria explicar que o termo contendo ""macaco"" foi gerando preconceito e risco aos animais ao longo do tempo, de modo que o termo mudou para Mpox. O termo inicial se deu porque a 1a descoberta foi num macaco. Mas eles nÃ£o sÃ£o o principal problema.']"
44,sadWV0ykrKo,2025-05-30T06:30:35Z,"Davao City, nakapagtala na ng 6 na kumpirmadong kaso ng Mpox","['Chemtrail sprayed in Davao days ago.', 'E lockdown buong Davao for 1year.', 'Sana mag  lockdown buo ng bansa..ğŸ˜‚ğŸ˜‚', 'Wag lang sana madamay yung mga matitinong bumoto kay nograles , yung Dds lang matamaan nyan sana para maubos sila.', 'Ok lang yan para maubos yang mga dds dyan..', 'Ito dapat unahin ng administration pra naman wla ginawa goberno yong election daming ayuda ngayon wla', '  - Anong ginagawa ng mayor nyo', 'Fake news ato to', 'DAVAO CITY ULIT KC SA IBANG LUGAR GALING TAPOS SA DAVAO CITY HINAHATID KC DAVAO YUNG KUMPLETO AT MODERN YUNG MGA FACILITY KC DI KURAP ANG MGA DUTERTE DBA.. CONGRESSMAN DI KA BA NAHIHIYA NYANN MAY KAPAL KA PA NG MUKHA NA MAGHATID NG PASYENTE NYO TAPOS BILIS MO MAKAPIRMA NG IMPEACHMENT KAY VP SARA NO. DAPAT YAN SA BAHAY MO YAN DINALA YUNG PASYENTE.  UBOS NA BA ANG PAMIGAY AYUDA MO?  PERO DI KA MAKAPAG PA IMPROVE NG OSPITAL MO PATI NEW BORN SCREENING DINADALA NYO PA NG DAVAO CITY. TAPOS MAY APOG KA PANG MAGHATID NG PASYENTE NYO DITO. DAPAT SA INYO SA BOUNDARY KA LNG', 'Ito na naman tayo']"
45,cB0n2Lkkqlg,2025-05-07T07:33:30Z,"Mpox: clinical presentation, diagnosis and treatment",[]
46,n3K5C-eHm3I,2025-05-23T16:17:19Z,"Saksi: (Part 2) MPOX; Sagot ni Arnell Ignacio; Gabbi Garcia, Kapuso pa rin","['Nku bumili kyo 2 zonrox ilagay nyo sa timba ibuhos sa paligid mgkno lng un  kysa mg quaratin quarantine nanaman', 'Marami kasi makachinese jan eh hahahaha', 'Kinarma yung mindanao dahil sa mga BINOTO nila hahaha Duterte pa', 'ğŸ’‰ğŸ’‰ğŸ’‰the  jab is just doing its jobs...', 'Airborn din kaya yan?', '  - I think Hindi', '  - Direct close contact with an infected animal, fluids or waste, or getting bitten or scratched', '  - Kumbaga Hindi sya tulad ni covid', 'Regarding kay Arnel Ignacio.. alam naman naten na Pro-Duterte yan.. so Matic.. mga romualdez lang naninira jan.. ğŸ˜…ğŸ˜…ğŸ˜…', 'Maayos ang pamamalakad ni Angel Ignacio. Bakit kailangan sibakin siya. KinaiinggitanğŸ˜®ba?', 'palabiro lng yan si \nArnel Ignacio pero my\npuso at damdamin sa\npg tulong sa mga OFW', 'Naniniwala ako kay Ignacio. Malabong hindi alam ng board ang proyekto. Pati mga lawyers na nagproseso ng pagbili ng lupa alam nila ang batas at requirements ng gobyerno.', '1stğŸ˜¢ğŸ˜¢ğŸ˜¢']"
47,91vxdn5r_6g,2025-05-30T09:50:35Z,What you need to know about mpox: A look back at DOH&#39;s presser on first mpox case in 2024 | ANC,"['Violeta Tarroza from Dulian Health center (BHW)', 'chicken fox..loko2', 'business Doh', ""Monkey pox is a hoax.. to push vaccines for money... Don't fall for it Filipinos... Coronavirus is one big lie"", 'Huuuuuuuu gmk na naman toh', 'Conspiracy theories CREEPING into REALITY.\n1. Chemtrail\n2. AGENDA 2021 ( 2021 to 2030 )\n3. New World Order ( Renamed - 4th industrial revolution )\n4. WEF ( Transhumanism , you own nothing but still happy , )\n5. WOKE AGENDA\n6. 15 Minutes cities\n7.  MARK of the BEAST', 'Conspiracy theories CREEPING into REALITY.\n1. Chemtrail\n2. AGENDA 2021 ( 2021 to 2030 )\n3. New World Order ( Renamed - 4th industrial revolution )\n4. WEF ( Transhumanism , you own nothing but still happy , )\n5. WOKE AGENDA\n6. 15 Minutes cities\n7.  MARK of the BEAST', 'Yan na , parating na ang mark of the vaccine ( mark of the BEAST )\nPpilitin tayo lahat mag MRNA vaccine which was proven as HARMFUL to our God Given DNA .\n\nRESIST\nArrest perpetrators \nMedical Practitioners WAKE up \nProtect your family\nDo not accept bribes from WHO ( China controlled ) \nLike the USA , Philippines ğŸ‡µğŸ‡­  should NOT be a Member of WHO and even the UN .\nSadly we ordinary citizens are not consulted or has no right to that very important issue .\nPrepare lang tayo for the WORST as all of these things must come to pass as was written in the BIBLE.\nPBBM pls. WAKE UP .']"
48,EEQbE5IsnLw,2025-07-04T01:46:12Z,"Special Briefing on Mpox &amp; other Health Emergencies || April 17, 2025",[]
49,RAWl0K3hgd0,2025-05-28T07:00:32Z,Ethio Clinic: Mpox #health #clinic #doctor #ethio #mpoxoutbreak #mpoxvirus #monkeypox #áŠ¢á‰µá‹®,[]
